campaign_id,segment_id,impressions,clicks,conversions,engagement_rate,conversion_rate,baseline_engagement,baseline_conversion,sales_vs_benchmark
CAMP_001,1.0,11556.0,954.0,250.0,0.08255451713395,0.02163378331602,0.08558839781938,0.02032427073382,1.06443097513062
CAMP_001,2.0,10214.0,837.0,240.0,0.08194634814959,0.02349716075974,0.08828764553417,0.02186310627394,1.07474027090753
CAMP_001,3.0,10061.0,1055.0,185.0,0.10486035185369,0.01838783421131,0.10222697238191,0.02055531252923,0.8945538621782
CAMP_001,4.0,10612.0,780.0,190.0,0.07350169619298,0.01790425932906,0.10222697238191,0.02055531252923,0.87102831949615
CAMP_001,5.0,11003.0,936.0,219.0,0.08506770880668,0.01990366263746,0.10515381491673,0.02030005375834,0.98047339550911
CAMP_001,6.0,8034.0,721.0,145.0,0.08974358974358,0.01804829474732,0.09710598982505,0.02004108069254,0.90056494578348
CAMP_001,7.0,11943.0,1028.0,231.0,0.08607552541237,0.01934187390102,0.09710598982505,0.02004108069254,0.96511132297496
CAMP_001,8.0,10613.0,1343.0,185.0,0.12654291906152,0.01743145199283,0.09710598982505,0.02004108069254,0.86978602902005
CAMP_001,9.0,8702.0,767.0,170.0,0.08814065732015,0.01953573891059,0.08558839781938,0.02032427073382,0.96120245426964
CAMP_001,10.0,8201.0,953.0,170.0,0.11620534081209,0.02072917936836,0.09823998355628,0.02088906027287,0.99234618970808
CAMP_001,11.0,8815.0,869.0,181.0,0.09858196256381,0.020533182076,0.09823998355628,0.02088906027287,0.98296341758705
CAMP_001,12.0,9275.0,640.0,215.0,0.06900269541778,0.02318059299191,0.08828764553417,0.02186310627394,1.06026072880308
CAMP_001,13.0,10767.0,925.0,218.0,0.08591065292096,0.02024705117488,0.08828764553417,0.02186310627394,0.92608300582675
CAMP_001,14.0,8791.0,673.0,160.0,0.07655556819474,0.01820043226026,0.08828764553417,0.02186310627394,0.8324723866871
CAMP_001,15.0,8379.0,750.0,153.0,0.08950948800572,0.01825993555316,0.09710598982505,0.02004108069254,0.91112529475325
CAMP_012,25.0,8284.0,1017.0,175.0,0.12276677933365,0.02112506035731,0.09823998355628,0.02088906027287,1.01129778368953
CAMP_001,16.0,11884.0,829.0,283.0,0.06975765735442,0.02381353079771,0.08558839781938,0.02032427073382,1.17167947177935
CAMP_001,17.0,9367.0,1132.0,171.0,0.12084979182235,0.0182555780933,0.10222697238191,0.02055531252923,0.88811970469134
CAMP_001,18.0,11134.0,1267.0,241.0,0.11379558110292,0.02164541045446,0.09710598982505,0.02004108069254,1.08005205839602
CAMP_001,19.0,9698.0,843.0,202.0,0.08692513920395,0.02082903691482,0.08558839781938,0.02032427073382,1.0248356355616
CAMP_001,20.0,11561.0,885.0,195.0,0.0765504714125,0.01686705302309,0.08558839781938,0.02032427073382,0.82989708432794
CAMP_001,21.0,10182.0,1170.0,199.0,0.11490866234531,0.01954429385189,0.09710598982505,0.02004108069254,0.97521157425238
CAMP_001,22.0,11104.0,1003.0,205.0,0.09032780979827,0.01846181556195,0.10222697238191,0.02055531252923,0.89815299746469
CAMP_001,23.0,9751.0,982.0,201.0,0.1007076197313,0.0206132704338,0.09823998355628,0.02088906027287,0.98679740325939
CAMP_001,24.0,10773.0,1154.0,213.0,0.1071196509793,0.01977165135059,0.09710598982505,0.02004108069254,0.98655614704219
CAMP_001,25.0,10660.0,1518.0,242.0,0.14240150093808,0.02270168855534,0.09823998355628,0.02088906027287,1.08677404626124
CAMP_001,26.0,9028.0,735.0,199.0,0.0814133805937,0.02204253433761,0.09823998355628,0.02088906027287,1.05521905005173
CAMP_001,27.0,8870.0,611.0,192.0,0.06888387824126,0.0216459977452,0.09823998355628,0.02088906027287,1.03623607105566
CAMP_001,28.0,9881.0,1057.0,208.0,0.10697297844347,0.02105050096144,0.10222697238191,0.02055531252923,1.02409053287307
CAMP_001,29.0,11646.0,1042.0,230.0,0.08947278035376,0.01974927013566,0.08828764553417,0.02186310627394,0.90331492186924
CAMP_012,26.0,8947.0,771.0,144.0,0.08617413658209,0.0160947803733,0.09823998355628,0.02088906027287,0.77048848359201
CAMP_001,30.0,9020.0,1128.0,209.0,0.1250554323725,0.02317073170731,0.10515381491673,0.02030005375834,1.14141233235855
CAMP_001,31.0,11478.0,947.0,233.0,0.08250566300749,0.02029970378114,0.08828764553417,0.02186310627394,0.92849129152964
CAMP_001,32.0,8540.0,979.0,141.0,0.11463700234192,0.01651053864168,0.10222697238191,0.02055531252923,0.80322488982838
CAMP_001,33.0,9722.0,1070.0,223.0,0.11005965850648,0.02293766714667,0.09710598982505,0.02004108069254,1.14453244805358
CAMP_001,34.0,10729.0,937.0,225.0,0.08733339547022,0.02097119955261,0.08558839781938,0.02032427073382,1.03183035825785
CAMP_001,35.0,10693.0,1317.0,237.0,0.12316468717852,0.02216403254465,0.10515381491673,0.02030005375834,1.09182137192831
CAMP_001,36.0,9363.0,1306.0,190.0,0.13948520773256,0.02029264124746,0.10222697238191,0.02055531252923,0.98722124602084
CAMP_001,37.0,9529.0,811.0,179.0,0.08510861580438,0.01878476230454,0.10515381491673,0.02030005375834,0.92535529847163
CAMP_001,38.0,10237.0,940.0,182.0,0.09182377649702,0.01777864608772,0.08828764553417,0.02186310627394,0.81318024369241
CAMP_001,39.0,10680.0,935.0,244.0,0.0875468164794,0.02284644194756,0.10222697238191,0.02055531252923,1.1114616678811
CAMP_001,40.0,11430.0,1069.0,289.0,0.09352580927384,0.02528433945756,0.08828764553417,0.02186310627394,1.15648431383687
CAMP_002,1.0,8317.0,609.0,140.0,0.07322351809546,0.01683299266562,0.08558839781938,0.02032427073382,0.82822123785274
CAMP_002,2.0,8683.0,769.0,150.0,0.0885638604169,0.01727513532189,0.08828764553417,0.02186310627394,0.7901500868831
CAMP_002,3.0,11743.0,1133.0,317.0,0.09648301115558,0.02699480541599,0.10222697238191,0.02055531252923,1.31327633075845
CAMP_002,4.0,9136.0,635.0,164.0,0.06950525394045,0.01795096322241,0.10222697238191,0.02055531252923,0.87330042765743
CAMP_012,27.0,8906.0,781.0,168.0,0.08769368964742,0.01886368740175,0.09823998355628,0.02088906027287,0.90304145592642
CAMP_002,5.0,9291.0,825.0,185.0,0.08879560865353,0.01991174254655,0.10515381491673,0.02030005375834,0.98087141953328
CAMP_002,6.0,11184.0,800.0,335.0,0.07153075822603,0.02995350500715,0.09710598982505,0.02004108069254,1.49460527935979
CAMP_002,7.0,8698.0,718.0,217.0,0.08254771211772,0.02494826396872,0.09710598982505,0.02004108069254,1.24485622065327
CAMP_002,8.0,9589.0,1029.0,179.0,0.10731045990197,0.01866722285952,0.09710598982505,0.02004108069254,0.93144791670195
CAMP_002,9.0,10432.0,769.0,178.0,0.07371549079754,0.01706288343558,0.08558839781938,0.02032427073382,0.83953238268883
CAMP_002,10.0,9707.0,993.0,198.0,0.1022973112187,0.02039765117956,0.09823998355628,0.02088906027287,0.97647528960641
CAMP_002,11.0,10294.0,1125.0,227.0,0.10928696327958,0.02205168059063,0.09823998355628,0.02088906027287,1.05565689899752
CAMP_002,12.0,8122.0,599.0,181.0,0.07375030780595,0.02228515144053,0.08828764553417,0.02186310627394,1.01930398916316
CAMP_002,13.0,11908.0,990.0,250.0,0.08313738663083,0.02099428955324,0.08828764553417,0.02186310627394,0.96026105760916
CAMP_002,14.0,9930.0,869.0,277.0,0.08751258811681,0.02789526686807,0.08828764553417,0.02186310627394,1.27590592656626
CAMP_002,15.0,11272.0,1023.0,196.0,0.09075585521646,0.01738821859474,0.09710598982505,0.02004108069254,0.86762879015882
CAMP_002,16.0,11420.0,1011.0,212.0,0.0885288966725,0.0185639229422,0.08558839781938,0.02032427073382,0.91338691485296
CAMP_002,17.0,9955.0,1062.0,200.0,0.10668006027122,0.02009040683073,0.10222697238191,0.02055531252923,0.97738269861674
CAMP_002,18.0,8146.0,808.0,136.0,0.09918978639823,0.01669531058188,0.09710598982505,0.02004108069254,0.83305440649671
CAMP_002,19.0,8488.0,717.0,161.0,0.08447219604147,0.01896795475966,0.08558839781938,0.02032427073382,0.93326619233087
CAMP_012,28.0,11999.0,1618.0,321.0,0.13484457038086,0.02675222935244,0.10222697238191,0.02055531252923,1.30147519354872
CAMP_002,20.0,10385.0,914.0,277.0,0.08801155512758,0.02667308618199,0.08558839781938,0.02032427073382,1.31237605183045
CAMP_002,21.0,10520.0,998.0,267.0,0.09486692015209,0.02538022813688,0.09710598982505,0.02004108069254,1.26641015653031
CAMP_002,22.0,11369.0,1096.0,302.0,0.09640249802093,0.02656346204591,0.10222697238191,0.02055531252923,1.29229181060267
CAMP_002,23.0,10393.0,1142.0,209.0,0.10988165111132,0.02010968921389,0.09823998355628,0.02088906027287,0.9626899894586
CAMP_002,24.0,8880.0,786.0,148.0,0.08851351351351,0.01666666666666,0.09710598982505,0.02004108069254,0.83162514648557
CAMP_002,25.0,11723.0,1488.0,337.0,0.12692996673206,0.0287469077881,0.09823998355628,0.02088906027287,1.37617046495087
CAMP_002,26.0,11062.0,842.0,207.0,0.07611643464111,0.01871271017899,0.09823998355628,0.02088906027287,0.89581388222094
CAMP_002,27.0,10863.0,959.0,310.0,0.08828132191843,0.02853723649084,0.09823998355628,0.02088906027287,1.36613309158274
CAMP_002,28.0,10101.0,1366.0,266.0,0.13523413523413,0.02633402633402,0.10222697238191,0.02055531252923,1.28112994130189
CAMP_002,29.0,8586.0,776.0,238.0,0.09037968786396,0.02771954344281,0.08828764553417,0.02186310627394,1.26786848563446
CAMP_002,30.0,8103.0,1043.0,130.0,0.12871775885474,0.01604344070097,0.10515381491673,0.02030005375834,0.79031518300188
CAMP_002,31.0,10557.0,956.0,251.0,0.09055602917495,0.02377569385242,0.08828764553417,0.02186310627394,1.08748013912153
CAMP_002,32.0,10961.0,1228.0,223.0,0.11203357357905,0.0203448590457,0.10222697238191,0.02055531252923,0.9897616013752
CAMP_002,33.0,10869.0,1112.0,260.0,0.10230932008464,0.02392124390468,0.09710598982505,0.02004108069254,1.19361047798094
CAMP_012,29.0,11609.0,833.0,229.0,0.07175467309845,0.01972607459729,0.08828764553417,0.02186310627394,0.9022539775513
CAMP_002,34.0,8160.0,558.0,162.0,0.06838235294117,0.01985294117647,0.08558839781938,0.02032427073382,0.97680952180133
CAMP_002,35.0,8815.0,1181.0,186.0,0.13397617697107,0.02110039705048,0.10515381491673,0.02030005375834,1.03942567353091
CAMP_002,36.0,9158.0,1218.0,169.0,0.13299847128193,0.01845381087573,0.10222697238191,0.02055531252923,0.897763575693
CAMP_002,37.0,10735.0,904.0,203.0,0.08421052631578,0.01891010712622,0.10515381491673,0.02030005375834,0.93152990387764
CAMP_002,38.0,11446.0,1101.0,237.0,0.09619080901625,0.02070592346671,0.08828764553417,0.02186310627394,0.94707143656836
CAMP_002,39.0,10277.0,795.0,237.0,0.07735720541013,0.0230612046317,0.10222697238191,0.02055531252923,1.12190970577062
CAMP_002,40.0,11354.0,1157.0,213.0,0.10190241324643,0.01875990840232,0.08828764553417,0.02186310627394,0.85806235249748
CAMP_003,1.0,11680.0,955.0,290.0,0.08176369863013,0.02482876712328,0.08558839781938,0.02032427073382,1.22163139078655
CAMP_003,2.0,8452.0,745.0,168.0,0.0881448177946,0.01987695220066,0.08828764553417,0.02186310627394,0.90915499159189
CAMP_003,3.0,11587.0,953.0,245.0,0.0822473461638,0.02114438594977,0.10222697238191,0.02055531252923,1.02865796468402
CAMP_003,4.0,8016.0,957.0,158.0,0.11938622754491,0.01971057884231,0.10222697238191,0.02055531252923,0.95890436179346
CAMP_003,5.0,9069.0,1272.0,171.0,0.14025802183261,0.01885544161429,0.10515381491673,0.02030005375834,0.92883702864771
CAMP_003,6.0,9768.0,1153.0,181.0,0.11803849303849,0.01852989352989,0.09710598982505,0.02004108069254,0.92459552526958
CAMP_003,7.0,8301.0,757.0,196.0,0.09119383206842,0.02361161305866,0.09710598982505,0.02004108069254,1.1781606701205
CAMP_003,8.0,8992.0,753.0,165.0,0.08374110320284,0.01834964412811,0.09710598982505,0.02004108069254,0.91560152916004
CAMP_012,30.0,8515.0,1039.0,166.0,0.12201996476805,0.01949500880798,0.10515381491673,0.02030005375834,0.96034271830296
CAMP_003,9.0,10975.0,1261.0,203.0,0.11489749430523,0.0184965831435,0.08558839781938,0.02032427073382,0.91007364474449
CAMP_003,10.0,8127.0,625.0,155.0,0.07690414667158,0.01907222837455,0.09823998355628,0.02088906027287,0.91302471846089
CAMP_003,11.0,10613.0,898.0,217.0,0.08461321021388,0.02044662206727,0.09823998355628,0.02088906027287,0.97881962137984
CAMP_003,12.0,11863.0,1126.0,316.0,0.09491696872629,0.02663744415409,0.08828764553417,0.02186310627394,1.21837417887116
CAMP_003,13.0,9686.0,898.0,195.0,0.0927111294652,0.02013214949411,0.08828764553417,0.02186310627394,0.92082750007513
CAMP_003,14.0,9409.0,926.0,214.0,0.09841640982038,0.02274418110319,0.08828764553417,0.02186310627394,1.04029961791396
CAMP_003,15.0,11464.0,1167.0,216.0,0.10179692951849,0.01884159106769,0.09710598982505,0.02004108069254,0.94014845590134
CAMP_003,16.0,9500.0,713.0,183.0,0.07505263157894,0.01926315789473,0.08558839781938,0.02032427073382,0.94779085296653
CAMP_003,17.0,9841.0,1048.0,229.0,0.10649324255665,0.0232699928869,0.10222697238191,0.02055531252923,1.13206709232958
CAMP_003,18.0,9529.0,649.0,200.0,0.06810788120474,0.02098856123412,0.09710598982505,0.02004108069254,1.04727691865115
CAMP_003,19.0,8019.0,670.0,173.0,0.08355156503304,0.0215737623145,0.08558839781938,0.02032427073382,1.0614778063646
CAMP_003,20.0,8399.0,755.0,193.0,0.0898916537683,0.02297892606262,0.08558839781938,0.02032427073382,1.1306150347811
CAMP_003,21.0,9166.0,705.0,153.0,0.07691468470434,0.01669212306349,0.09710598982505,0.02004108069254,0.83289535727008
CAMP_003,22.0,10774.0,906.0,200.0,0.08409133098199,0.01856320772229,0.10222697238191,0.02055531252923,0.90308564736677
CAMP_003,23.0,11769.0,1487.0,215.0,0.12634888265782,0.01826833205879,0.09823998355628,0.02088906027287,0.87454063611089
CAMP_012,31.0,8038.0,648.0,181.0,0.08061706892261,0.02251803931326,0.08828764553417,0.02186310627394,1.02995608360079
CAMP_003,24.0,10361.0,1102.0,186.0,0.10636038992375,0.01795193514139,0.09710598982505,0.02004108069254,0.89575684149975
CAMP_003,25.0,8681.0,914.0,163.0,0.10528740928464,0.0187766386361,0.09823998355628,0.02088906027287,0.89887426197358
CAMP_003,26.0,10491.0,795.0,237.0,0.07577923934801,0.02259079210752,0.09823998355628,0.02088906027287,1.08146521731548
CAMP_003,27.0,9595.0,912.0,201.0,0.09504950495049,0.02094841063053,0.09823998355628,0.02088906027287,1.00284121721546
CAMP_003,28.0,9219.0,975.0,202.0,0.10575984380084,0.02191127020284,0.10222697238191,0.02055531252923,1.06596628835849
CAMP_003,29.0,11421.0,1202.0,240.0,0.10524472463006,0.02101392172314,0.08828764553417,0.02186310627394,0.96115901646524
CAMP_003,30.0,11891.0,1015.0,282.0,0.08535867462786,0.02371541501976,0.10515381491673,0.02030005375834,1.16824395157147
CAMP_003,31.0,9129.0,691.0,203.0,0.07569284697119,0.02223682769197,0.08828764553417,0.02186310627394,1.01709370175222
CAMP_003,32.0,8830.0,830.0,193.0,0.09399773499433,0.02185730464326,0.10222697238191,0.02055531252923,1.0633409057717
CAMP_003,33.0,9369.0,642.0,221.0,0.06852385526737,0.02358842992848,0.09710598982505,0.02004108069254,1.17700388967858
CAMP_003,34.0,10838.0,848.0,232.0,0.07824321830596,0.0214061634988,0.08558839781938,0.02032427073382,1.0532315662954
CAMP_003,35.0,9664.0,836.0,208.0,0.08650662251655,0.02152317880794,0.10515381491673,0.02030005375834,1.06025230593779
CAMP_003,36.0,10849.0,960.0,181.0,0.08848741819522,0.01668356530555,0.10222697238191,0.02055531252923,0.81164250272655
CAMP_003,37.0,11672.0,1526.0,212.0,0.13074023303632,0.01816312542837,0.10515381491673,0.02030005375834,0.89473287335057
CAMP_012,32.0,9098.0,1040.0,151.0,0.11431083754671,0.01659705429764,0.10222697238191,0.02055531252923,0.80743380933951
CAMP_003,38.0,11343.0,911.0,240.0,0.08031384995151,0.02115842369743,0.08828764553417,0.02186310627394,0.96776841462131
CAMP_003,39.0,8580.0,709.0,165.0,0.08263403263403,0.01923076923076,0.10222697238191,0.02055531252923,0.93556199660862
CAMP_003,40.0,11147.0,909.0,240.0,0.08154660446756,0.0215304566251,0.08828764553417,0.02186310627394,0.98478488625186
CAMP_004,1.0,11157.0,991.0,236.0,0.08882316034776,0.02115263959845,0.08558839781938,0.02032427073382,1.04075761809512
CAMP_004,2.0,9092.0,996.0,168.0,0.10954685437747,0.01847778266608,0.08828764553417,0.02186310627394,0.84515815980364
CAMP_004,3.0,8957.0,1186.0,177.0,0.13241040526962,0.01976108071899,0.10222697238191,0.02055531252923,0.96136123889536
CAMP_004,4.0,10265.0,886.0,230.0,0.08631271310277,0.02240623477837,0.10222697238191,0.02055531252923,1.09004593077828
CAMP_004,5.0,9635.0,834.0,187.0,0.08655941878567,0.01940840685002,0.10515381491673,0.02030005375834,0.95607662329697
CAMP_004,6.0,10070.0,696.0,237.0,0.06911618669314,0.0235352532274,0.09710598982505,0.02004108069254,1.1743505047691
CAMP_004,7.0,11171.0,1003.0,212.0,0.08978605317339,0.01897771014233,0.09710598982505,0.02004108069254,0.94694045862469
CAMP_004,8.0,10809.0,1172.0,216.0,0.10842816171708,0.01998334721065,0.09710598982505,0.02004108069254,0.99711924308012
CAMP_004,9.0,9015.0,755.0,155.0,0.08374930671103,0.01719356627842,0.08558839781938,0.02032427073382,0.84596227355938
CAMP_004,10.0,10839.0,982.0,255.0,0.09059876372359,0.0235261555494,0.09823998355628,0.02088906027287,1.12624288704622
CAMP_004,11.0,8895.0,740.0,199.0,0.08319280494659,0.02237211916807,0.09823998355628,0.02088906027287,1.07099691780405
CAMP_004,12.0,9931.0,767.0,262.0,0.0772329070587,0.02638203604873,0.08828764553417,0.02186310627394,1.20669202802964
CAMP_012,33.0,8973.0,857.0,152.0,0.09550874846762,0.01693970801292,0.09710598982505,0.02004108069254,0.84524922946042
CAMP_004,13.0,8956.0,726.0,210.0,0.0810629745422,0.02344796784278,0.08828764553417,0.02186310627394,1.072490228469
CAMP_004,14.0,11906.0,1044.0,252.0,0.08768688056442,0.02116579875692,0.08828764553417,0.02186310627394,0.96810574360843
CAMP_004,15.0,9066.0,1028.0,150.0,0.11339069049194,0.01654533421575,0.09710598982505,0.02004108069254,0.8255709594496
CAMP_004,16.0,9630.0,964.0,156.0,0.10010384215991,0.01619937694704,0.08558839781938,0.02032427073382,0.7970459141778
CAMP_004,17.0,8753.0,886.0,144.0,0.10122243802124,0.01645150234205,0.10222697238191,0.02055531252923,0.80035281967386
CAMP_004,18.0,8775.0,677.0,188.0,0.07715099715099,0.0214245014245,0.09710598982505,0.02004108069254,1.06902924813188
CAMP_004,19.0,11069.0,1259.0,201.0,0.11374107868822,0.01815882193513,0.08558839781938,0.02032427073382,0.89345503083223
CAMP_004,20.0,11267.0,953.0,211.0,0.08458329635217,0.01872725659004,0.08558839781938,0.02032427073382,0.92142329903491
CAMP_004,21.0,11146.0,992.0,243.0,0.0890005383097,0.02180154315449,0.09710598982505,0.02004108069254,1.0878426911681
CAMP_004,22.0,11348.0,1035.0,231.0,0.0912054987663,0.02035600986958,0.10222697238191,0.02055531252923,0.99030408030161
CAMP_004,23.0,9892.0,1021.0,222.0,0.10321471896482,0.02244237767893,0.09823998355628,0.02088906027287,1.07436032955847
CAMP_004,24.0,11760.0,1569.0,200.0,0.13341836734693,0.01700680272108,0.09710598982505,0.02004108069254,0.84859708825058
CAMP_004,25.0,9008.0,936.0,168.0,0.10390763765541,0.01865008880994,0.09823998355628,0.02088906027287,0.8928160753198
CAMP_004,26.0,11261.0,1192.0,201.0,0.10585205576769,0.01784921410176,0.09823998355628,0.02088906027287,0.85447664320951
CAMP_012,34.0,11778.0,1069.0,202.0,0.09076243844455,0.01715061979962,0.08558839781938,0.02032427073382,0.84384920985536
CAMP_004,27.0,11766.0,1012.0,259.0,0.08601053884072,0.02201257861635,0.09823998355628,0.02088906027287,1.05378501133133
CAMP_004,28.0,8872.0,820.0,224.0,0.09242560865644,0.02524797114517,0.10222697238191,0.02055531252923,1.22829419933467
CAMP_004,29.0,8595.0,754.0,159.0,0.08772542175683,0.01849912739965,0.08828764553417,0.02186310627394,0.84613444987438
CAMP_004,30.0,8698.0,734.0,142.0,0.08438721545182,0.01632559209013,0.10515381491673,0.02030005375834,0.80421422940439
CAMP_004,31.0,10492.0,1223.0,175.0,0.11656500190621,0.01667937476172,0.08828764553417,0.02186310627394,0.76290050245968
CAMP_004,32.0,10502.0,1146.0,224.0,0.10912207198628,0.02132927061512,0.10222697238191,0.02055531252923,1.03765246015018
CAMP_004,33.0,11635.0,951.0,244.0,0.08173614095401,0.02097120756338,0.09710598982505,0.02004108069254,1.04641101371282
CAMP_004,34.0,8884.0,810.0,184.0,0.09117514633048,0.02071139126519,0.08558839781938,0.02032427073382,1.01904720402707
CAMP_004,35.0,10995.0,1110.0,302.0,0.10095497953615,0.02746703046839,0.10515381491673,0.02030005375834,1.35305210495331
CAMP_004,36.0,11222.0,1168.0,189.0,0.10408126893601,0.01684191766173,0.10222697238191,0.02055531252923,0.81934622194524
CAMP_004,37.0,11764.0,1127.0,193.0,0.09580074804488,0.01640598435906,0.10515381491673,0.02030005375834,0.80817442920893
CAMP_004,38.0,11294.0,783.0,247.0,0.06932884717549,0.02187001947936,0.08828764553417,0.02186310627394,1.00031620417229
CAMP_004,39.0,8732.0,867.0,147.0,0.09928996793403,0.01683463124141,0.10222697238191,0.02055531252923,0.81899174325198
CAMP_004,40.0,10635.0,898.0,301.0,0.0844381758345,0.02830277385989,0.08828764553417,0.02186310627394,1.29454495190484
CAMP_012,35.0,11675.0,1558.0,339.0,0.13344753747323,0.02903640256959,0.10515381491673,0.02030005375834,1.43036087072705
CAMP_005,1.0,10960.0,1003.0,255.0,0.09151459854014,0.02326642335766,0.09200284233577,0.0235550918327,0.98774496499132
CAMP_005,2.0,9676.0,1107.0,259.0,0.11440677966101,0.02676725919801,0.091642526228,0.02508935796316,1.06687700965957
CAMP_005,3.0,10842.0,1436.0,180.0,0.13244788784357,0.01660210293303,0.09576698139948,0.0232963766816,0.71264742839367
CAMP_005,4.0,11236.0,826.0,324.0,0.07351370594517,0.02883588465646,0.09576698139948,0.0232963766816,1.2377841005304
CAMP_005,5.0,9388.0,866.0,369.0,0.0922454196847,0.03930549637835,0.10290288571161,0.02788540854272,1.40953632858329
CAMP_005,6.0,8510.0,764.0,247.0,0.08977673325499,0.02902467685076,0.0937431249205,0.02166963547598,1.33941694048962
CAMP_005,7.0,9827.0,984.0,163.0,0.10013228859265,0.01658695430955,0.0937431249205,0.02166963547598,0.76544685432944
CAMP_005,8.0,10492.0,970.0,226.0,0.0924513915364,0.02154022112085,0.0937431249205,0.02166963547598,0.99402784807938
CAMP_005,9.0,8713.0,782.0,183.0,0.08975094686101,0.02100309881785,0.09200284233577,0.0235550918327,0.89165854105036
CAMP_005,10.0,11522.0,853.0,221.0,0.07403228606144,0.01918069779552,0.08928914117061,0.01959650251499,0.97878168723443
CAMP_005,11.0,11709.0,812.0,198.0,0.06934836450593,0.01691006917755,0.08928914117061,0.01959650251499,0.86291261232026
CAMP_005,12.0,8828.0,774.0,193.0,0.08767557770729,0.02186225645672,0.091642526228,0.02508935796316,0.87137568401827
CAMP_005,13.0,10434.0,855.0,432.0,0.08194364577343,0.04140310523289,0.091642526228,0.02508935796316,1.65022577674906
CAMP_005,14.0,9214.0,732.0,153.0,0.079444323855,0.01660516605166,0.091642526228,0.02508935796316,0.66184101147754
CAMP_005,15.0,8928.0,1021.0,211.0,0.11435931899641,0.0236335125448,0.0937431249205,0.02166963547598,1.09062806206402
CAMP_012,36.0,8868.0,1152.0,169.0,0.12990527740189,0.01905728461885,0.10222697238191,0.02055531252923,0.92712210489361
CAMP_005,16.0,11627.0,1382.0,237.0,0.11886127117915,0.02038358992001,0.09200284233577,0.0235550918327,0.8653581172505
CAMP_005,17.0,8814.0,945.0,249.0,0.1072157930565,0.02825051055139,0.09576698139948,0.0232963766816,1.21265684091118
CAMP_005,18.0,8202.0,738.0,147.0,0.08997805413313,0.01792245793708,0.0937431249205,0.02166963547598,0.82707703860335
CAMP_005,19.0,9682.0,1148.0,244.0,0.11857054327618,0.02520140466845,0.09200284233577,0.0235550918327,1.06989201517204
CAMP_005,20.0,9256.0,677.0,237.0,0.07314174589455,0.02560501296456,0.09200284233577,0.0235550918327,1.0870266669481
CAMP_005,21.0,11584.0,962.0,239.0,0.08304558011049,0.02063190607734,0.0937431249205,0.02166963547598,0.95211135878205
CAMP_005,22.0,10703.0,917.0,249.0,0.08567691301504,0.02326450527889,0.09576698139948,0.0232963766816,0.99863191589191
CAMP_005,23.0,9353.0,1019.0,216.0,0.10894900032075,0.02309419437613,0.08928914117061,0.01959650251499,1.17848551589568
CAMP_005,24.0,11019.0,1212.0,288.0,0.10999183228968,0.02613667301933,0.0937431249205,0.02166963547598,1.20614271745829
CAMP_005,25.0,9145.0,795.0,180.0,0.08693275013668,0.0196828868234,0.08928914117061,0.01959650251499,1.00440814927759
CAMP_005,26.0,10745.0,1026.0,194.0,0.09548627268496,0.01805490926012,0.08928914117061,0.01959650251499,0.921333245374
CAMP_005,27.0,8868.0,810.0,211.0,0.0913396481732,0.02379341452413,0.08928914117061,0.01959650251499,1.21416638024689
CAMP_005,28.0,10549.0,870.0,269.0,0.08247227225329,0.02550004739785,0.09576698139948,0.0232963766816,1.09459285220047
CAMP_005,29.0,10036.0,878.0,215.0,0.08748505380629,0.02142287764049,0.091642526228,0.02508935796316,0.85386312682651
CAMP_012,37.0,9976.0,941.0,184.0,0.09432638331996,0.01844426623897,0.10515381491673,0.02030005375834,0.9085821376897
CAMP_005,30.0,8924.0,762.0,259.0,0.08538771851187,0.02902285970416,0.10290288571161,0.02788540854272,1.04079019174858
CAMP_005,31.0,8389.0,990.0,320.0,0.11801168196447,0.03814519012993,0.091642526228,0.02508935796316,1.52037330671997
CAMP_005,32.0,9838.0,1063.0,163.0,0.10805041675137,0.01656840821305,0.09576698139948,0.0232963766816,0.71120107815444
CAMP_005,33.0,8797.0,781.0,143.0,0.08878026599977,0.01625554166193,0.0937431249205,0.02166963547598,0.75015298157406
CAMP_005,34.0,11190.0,1132.0,248.0,0.10116175156389,0.02216264521894,0.09200284233577,0.0235550918327,0.94088553661134
CAMP_005,35.0,10193.0,1121.0,175.0,0.10997743549494,0.01716864514863,0.10290288571161,0.02788540854272,0.61568562362381
CAMP_005,36.0,8852.0,913.0,211.0,0.10314053321283,0.02383642114776,0.09576698139948,0.0232963766816,1.02318147897144
CAMP_005,37.0,10874.0,1151.0,246.0,0.10584881368401,0.02262276990987,0.10290288571161,0.02788540854272,0.81127625852124
CAMP_005,38.0,9633.0,663.0,164.0,0.06882591093117,0.01702481054707,0.091642526228,0.02508935796316,0.67856700725763
CAMP_005,39.0,8404.0,757.0,192.0,0.09007615421227,0.02284626368396,0.09576698139948,0.0232963766816,0.98067884101465
CAMP_005,40.0,10000.0,808.0,219.0,0.0808,0.0219,0.091642526228,0.02508935796316,0.87288004867067
CAMP_006,1.0,10818.0,879.0,335.0,0.08125346644481,0.03096690700684,0.09200284233577,0.0235550918327,1.31465872545835
CAMP_006,2.0,10724.0,1108.0,285.0,0.10331965684446,0.02657590451324,0.091642526228,0.02508935796316,1.05925008333266
CAMP_006,3.0,11156.0,1055.0,190.0,0.09456794550017,0.01703119397633,0.09576698139948,0.0232963766816,0.73106621725349
CAMP_006,4.0,8050.0,780.0,198.0,0.09689440993788,0.02459627329192,0.09576698139948,0.0232963766816,1.05579823111908
CAMP_012,38.0,8569.0,996.0,152.0,0.11623293266425,0.01773835920177,0.08828764553417,0.02186310627394,0.81133755558385
CAMP_006,5.0,8448.0,1108.0,309.0,0.1311553030303,0.03657670454545,0.10290288571161,0.02788540854272,1.31167899116182
CAMP_006,6.0,11419.0,1105.0,258.0,0.09676854365531,0.02259392241001,0.0937431249205,0.02166963547598,1.04265355248185
CAMP_006,7.0,8249.0,663.0,182.0,0.08037337859134,0.02206328039762,0.0937431249205,0.02166963547598,1.01816573804757
CAMP_006,8.0,11962.0,1082.0,269.0,0.09045310148804,0.02248787828122,0.0937431249205,0.02166963547598,1.03775987861678
CAMP_006,9.0,8235.0,872.0,236.0,0.10588949605343,0.02865816636308,0.09200284233577,0.0235550918327,1.2166442214117
CAMP_006,10.0,9848.0,809.0,195.0,0.08214865962632,0.01980097481722,0.08928914117061,0.01959650251499,1.01043412221489
CAMP_006,11.0,10966.0,944.0,229.0,0.08608426044136,0.02088272843333,0.08928914117061,0.01959650251499,1.06563548354402
CAMP_006,12.0,8577.0,973.0,199.0,0.11344292876297,0.023201585636,0.091642526228,0.02508935796316,0.92475804562518
CAMP_006,13.0,11775.0,1046.0,387.0,0.0888322717622,0.03286624203821,0.091642526228,0.02508935796316,1.30996744063656
CAMP_006,14.0,10145.0,1098.0,207.0,0.10823065549531,0.02040413997042,0.091642526228,0.02508935796316,0.81325875298955
CAMP_006,15.0,10482.0,1128.0,196.0,0.10761305094447,0.01869872161801,0.0937431249205,0.02166963547598,0.86289968461803
CAMP_006,16.0,8165.0,643.0,189.0,0.07875076546233,0.023147581139,0.09200284233577,0.0235550918327,0.98269967714017
CAMP_006,17.0,8541.0,849.0,273.0,0.09940288022479,0.03196347031963,0.09576698139948,0.0232963766816,1.3720361220322
CAMP_006,18.0,10180.0,886.0,200.0,0.08703339882121,0.01964636542239,0.0937431249205,0.02166963547598,0.90663109880982
CAMP_006,19.0,11472.0,915.0,258.0,0.07975941422594,0.02248953974895,0.09200284233577,0.0235550918327,0.95476340778799
CAMP_012,39.0,9980.0,726.0,228.0,0.07274549098196,0.02284569138276,0.10222697238191,0.02055531252923,1.11142515348615
CAMP_006,20.0,11031.0,990.0,323.0,0.08974707642099,0.0292811168525,0.09200284233577,0.0235550918327,1.24309075339071
CAMP_006,21.0,9473.0,718.0,199.0,0.07579436292621,0.02100707273303,0.0937431249205,0.02166963547598,0.96942437062752
CAMP_006,22.0,11823.0,900.0,239.0,0.07612281146917,0.02021483549014,0.09576698139948,0.0232963766816,0.86772444343698
CAMP_006,23.0,11734.0,1300.0,201.0,0.11078915970683,0.01712970853928,0.08928914117061,0.01959650251499,0.87412070221098
CAMP_006,24.0,11445.0,1163.0,279.0,0.10161642638706,0.02437745740498,0.0937431249205,0.02166963547598,1.12495927455728
CAMP_006,25.0,10947.0,1002.0,253.0,0.09153192655522,0.02311135470905,0.08928914117061,0.01959650251499,1.17936119934499
CAMP_006,26.0,11266.0,905.0,267.0,0.08033019705308,0.02369962719687,0.08928914117061,0.01959650251499,1.20938045851497
CAMP_006,27.0,8060.0,760.0,131.0,0.09429280397022,0.01625310173697,0.08928914117061,0.01959650251499,0.82938788309471
CAMP_006,28.0,9028.0,826.0,237.0,0.09149313247673,0.02625166149756,0.09576698139948,0.0232963766816,1.12685598521801
CAMP_006,29.0,10581.0,964.0,179.0,0.09110670068991,0.01691711558453,0.091642526228,0.02508935796316,0.67427455136069
CAMP_006,30.0,10280.0,944.0,416.0,0.09182879377431,0.04046692607003,0.10290288571161,0.02788540854272,1.45118641557786
CAMP_006,31.0,9968.0,798.0,375.0,0.08005617977528,0.03762038523274,0.091642526228,0.02508935796316,1.49945587639123
CAMP_006,32.0,11144.0,938.0,220.0,0.08417085427135,0.01974156496769,0.09576698139948,0.0232963766816,0.84740924468659
CAMP_006,33.0,10261.0,717.0,235.0,0.0698762303869,0.02290225124256,0.0937431249205,0.02166963547598,1.05688216435178
CAMP_012,40.0,8791.0,878.0,251.0,0.09987487202821,0.02855192810829,0.08828764553417,0.02186310627394,1.3059410566154
CAMP_006,34.0,10878.0,838.0,174.0,0.07703621989336,0.01599558742415,0.09200284233577,0.0235550918327,0.67907132511998
CAMP_006,35.0,10851.0,1137.0,238.0,0.10478296931158,0.0219334623537,0.10290288571161,0.02788540854272,0.78655696652591
CAMP_006,36.0,9276.0,1020.0,235.0,0.10996119016817,0.02533419577404,0.09576698139948,0.0232963766816,1.08747364967023
CAMP_006,37.0,8055.0,1000.0,168.0,0.12414649286157,0.02085661080074,0.10290288571161,0.02788540854272,0.74793994030212
CAMP_006,38.0,10125.0,800.0,222.0,0.07901234567901,0.02192592592592,0.091642526228,0.02508935796316,0.87391339220876
CAMP_006,39.0,8525.0,609.0,145.0,0.07143695014662,0.01700879765395,0.09576698139948,0.0232963766816,0.73010485220163
CAMP_006,40.0,9026.0,807.0,181.0,0.08940837580323,0.02005317970307,0.091642526228,0.02508935796316,0.79927034133453
CAMP_007,1.0,9774.0,671.0,223.0,0.06865152445262,0.02281563331287,0.08449400738922,0.02144703756727,1.06381281057117
CAMP_007,2.0,10853.0,1052.0,194.0,0.09693172394729,0.0178752418686,0.09265517915375,0.02095026479196,0.85322271799946
CAMP_007,3.0,9654.0,892.0,194.0,0.0923969339134,0.02009529728609,0.10068124804585,0.02047102116331,0.98164606082813
CAMP_007,4.0,9976.0,879.0,166.0,0.08811146752205,0.01663993584603,0.10068124804585,0.02047102116331,0.8128532384036
CAMP_007,5.0,8125.0,691.0,187.0,0.08504615384615,0.02301538461538,0.11057824706403,0.02235340452815,1.02961428476793
CAMP_007,6.0,11283.0,895.0,265.0,0.07932287512186,0.02348666134893,0.09539781368747,0.02067538299649,1.13597225032851
CAMP_007,7.0,8232.0,658.0,171.0,0.07993197278911,0.02077259475218,0.09539781368747,0.02067538299649,1.00470181160408
CAMP_007,8.0,8110.0,1084.0,215.0,0.13366214549938,0.02651048088779,0.09539781368747,0.02067538299649,1.28222441597755
CAMP_007,9.0,11440.0,932.0,217.0,0.08146853146853,0.01896853146853,0.08449400738922,0.02144703756727,0.88443596972444
CAMP_007,10.0,10660.0,1063.0,225.0,0.09971857410881,0.02110694183864,0.09757533942962,0.02176567345707,0.96973529811856
CAMP_007,11.0,9761.0,937.0,195.0,0.0959942628829,0.01997746132568,0.09757533942962,0.02176567345707,0.91784255447372
CAMP_007,12.0,9989.0,824.0,178.0,0.08249073981379,0.01781960156171,0.09265517915375,0.02095026479196,0.85056688966305
CAMP_007,13.0,10709.0,786.0,202.0,0.07339620879633,0.01886263890185,0.09265517915375,0.02095026479196,0.90035324561118
CAMP_007,14.0,10671.0,766.0,233.0,0.07178333801892,0.02183487958017,0.09265517915375,0.02095026479196,1.04222451587085
CAMP_007,15.0,11901.0,1247.0,195.0,0.10478111083102,0.01638517771615,0.09539781368747,0.02067538299649,0.79249693797382
CAMP_007,16.0,9160.0,640.0,184.0,0.06986899563318,0.02008733624454,0.08449400738922,0.02144703756727,0.93660190511297
CAMP_007,17.0,9063.0,1197.0,217.0,0.13207547169811,0.02394350656515,0.10068124804585,0.02047102116331,1.16962932010744
CAMP_007,18.0,8005.0,807.0,190.0,0.10081199250468,0.02373516552154,0.09539781368747,0.02067538299649,1.147991576532
CAMP_007,19.0,8003.0,545.0,190.0,0.06809946270148,0.02374109708859,0.08449400738922,0.02144703756727,1.1069639344883
CAMP_007,20.0,9629.0,694.0,256.0,0.07207394329629,0.02658635372312,0.08449400738922,0.02144703756727,1.23962825353987
CAMP_007,21.0,9464.0,1048.0,239.0,0.11073541842772,0.02525359256128,0.09539781368747,0.02067538299649,1.22143287819946
CAMP_007,22.0,11097.0,1077.0,307.0,0.09705325763719,0.02766513472109,0.10068124804585,0.02047102116331,1.35142914954681
CAMP_007,23.0,10373.0,1135.0,292.0,0.10941868311963,0.0281500048202,0.09757533942962,0.02176567345707,1.29332110378851
CAMP_007,24.0,8723.0,839.0,156.0,0.09618250601857,0.01788375558867,0.09539781368747,0.02067538299649,0.86497820096999
CAMP_007,25.0,8558.0,1134.0,236.0,0.13250759523253,0.02757653657396,0.09757533942962,0.02176567345707,1.26697373404729
CAMP_007,26.0,9573.0,784.0,164.0,0.08189700198474,0.01713151572129,0.09757533942962,0.02176567345707,0.78708870438051
CAMP_007,27.0,11939.0,903.0,309.0,0.07563447524918,0.02588156462015,0.09757533942962,0.02176567345707,1.18910010623806
CAMP_007,28.0,8901.0,1056.0,189.0,0.11863835524098,0.02123356926188,0.10068124804585,0.02047102116331,1.03725012506609
CAMP_007,29.0,9942.0,807.0,218.0,0.08117079058539,0.02192717763025,0.09265517915375,0.02095026479196,1.04663009503662
CAMP_007,30.0,9191.0,1253.0,165.0,0.13632901751713,0.01795234468501,0.11057824706403,0.02235340452815,0.80311456191858
CAMP_007,31.0,9636.0,655.0,162.0,0.06797426317974,0.01681195516811,0.09265517915375,0.02095026479196,0.80246981768786
CAMP_007,32.0,10958.0,1355.0,211.0,0.12365395145099,0.01925533856543,0.10068124804585,0.02047102116331,0.94061446235699
CAMP_007,33.0,11677.0,1071.0,266.0,0.091718763381,0.02277982358482,0.09539781368747,0.02067538299649,1.10178484184243
CAMP_007,34.0,8235.0,640.0,193.0,0.07771706132361,0.0234365513054,0.08449400738922,0.02144703756727,1.09276403474771
CAMP_007,35.0,11530.0,1628.0,201.0,0.14119687771032,0.01743278404163,0.11057824706403,0.02235340452815,0.77987154125329
CAMP_007,36.0,9570.0,1347.0,208.0,0.14075235109717,0.02173458725182,0.10068124804585,0.02047102116331,1.06172462421055
CAMP_007,37.0,11643.0,1232.0,259.0,0.10581465258094,0.02224512582667,0.11057824706403,0.02235340452815,0.99515605323826
CAMP_007,38.0,8872.0,992.0,198.0,0.11181244364292,0.02231740306582,0.09265517915375,0.02095026479196,1.06525637205243
CAMP_007,39.0,9314.0,670.0,209.0,0.07193472192398,0.02243933863001,0.10068124804585,0.02047102116331,1.09615140598017
CAMP_007,40.0,11450.0,1238.0,266.0,0.10812227074235,0.02323144104803,0.09265517915375,0.02095026479196,1.10888531857345
CAMP_008,1.0,8600.0,765.0,164.0,0.08895348837209,0.01906976744186,0.08449400738922,0.02144703756727,0.88915624743232
CAMP_008,2.0,10343.0,978.0,224.0,0.09455670501788,0.02165715943149,0.09265517915375,0.02095026479196,1.03374156109984
CAMP_008,3.0,10847.0,1029.0,199.0,0.09486493961464,0.01834608647552,0.10068124804585,0.02047102116331,0.89619791456221
CAMP_008,4.0,9046.0,710.0,233.0,0.07848772938315,0.0257572407694,0.10068124804585,0.02047102116331,1.25822940457689
CAMP_008,5.0,10192.0,1095.0,194.0,0.10743720565149,0.01903453689167,0.11057824706403,0.02235340452815,0.85152742025068
CAMP_008,6.0,9997.0,695.0,178.0,0.06952085625687,0.01780534160248,0.09539781368747,0.02067538299649,0.8611855754014
CAMP_008,7.0,11110.0,786.0,261.0,0.07074707470747,0.02349234923492,0.09539781368747,0.02067538299649,1.13624735459102
CAMP_008,8.0,10438.0,1392.0,365.0,0.13335888101168,0.03496838474803,0.09539781368747,0.02067538299649,1.69130529547938
CAMP_008,9.0,11571.0,1007.0,242.0,0.08702791461412,0.02091435485264,0.08449400738922,0.02144703756727,0.97516287678624
CAMP_008,10.0,10035.0,1119.0,206.0,0.11150971599402,0.02052815146985,0.09757533942962,0.02176567345707,0.94314340929256
CAMP_008,11.0,10204.0,950.0,188.0,0.09310074480595,0.01842414739317,0.09757533942962,0.02176567345707,0.84647724911949
CAMP_008,12.0,11044.0,957.0,189.0,0.08665338645418,0.01711336472292,0.09265517915375,0.02095026479196,0.81685672676991
CAMP_008,13.0,10243.0,836.0,226.0,0.08161671385336,0.02206384848189,0.09265517915375,0.02095026479196,1.05315368091927
CAMP_008,14.0,9658.0,831.0,202.0,0.08604265893559,0.02091530337544,0.09265517915375,0.02095026479196,0.99833121839409
CAMP_008,15.0,9932.0,842.0,226.0,0.08477648006443,0.02275473217881,0.09539781368747,0.02067538299649,1.10057125339219
CAMP_008,16.0,10263.0,846.0,256.0,0.08243203741596,0.02494397349702,0.08449400738922,0.02144703756727,1.16304983468142
CAMP_008,17.0,11719.0,1308.0,208.0,0.11161361890946,0.01774895468896,0.10068124804585,0.02047102116331,0.86702830051156
CAMP_008,18.0,10891.0,1225.0,219.0,0.11247819300339,0.02010834634101,0.09539781368747,0.02067538299649,0.97257430947831
CAMP_008,19.0,10674.0,903.0,216.0,0.08459808881394,0.02023608768971,0.08449400738922,0.02144703756727,0.94353766231045
CAMP_008,20.0,9834.0,810.0,222.0,0.08236729713239,0.02257474069554,0.08449400738922,0.02144703756727,1.05258083428684
CAMP_008,21.0,11325.0,1322.0,234.0,0.11673289183222,0.02066225165562,0.09539781368747,0.02067538299649,0.99936488040546
CAMP_008,22.0,8711.0,885.0,159.0,0.10159568361841,0.01825278383652,0.10068124804585,0.02047102116331,0.89164012341685
CAMP_008,23.0,8362.0,719.0,281.0,0.08598421430279,0.03360440086103,0.09757533942962,0.02176567345707,1.54391734890761
CAMP_008,24.0,11005.0,929.0,198.0,0.08441617446615,0.01799182189913,0.09539781368747,0.02067538299649,0.87020501154377
CAMP_008,25.0,9639.0,1337.0,226.0,0.13870733478576,0.02344641560327,0.09757533942962,0.02176567345707,1.0772198549021
CAMP_008,26.0,8355.0,752.0,186.0,0.09000598444045,0.02226211849192,0.09757533942962,0.02176567345707,1.02280862275287
CAMP_008,27.0,11876.0,1009.0,204.0,0.08496126641966,0.01717750084203,0.09757533942962,0.02176567345707,0.78920144032804
CAMP_008,28.0,8603.0,1033.0,142.0,0.12007439265372,0.01650587004533,0.10068124804585,0.02047102116331,0.80630418549471
CAMP_008,29.0,8050.0,689.0,188.0,0.0855900621118,0.02335403726708,0.09265517915375,0.02095026479196,1.11473709277598
CAMP_008,30.0,11797.0,1653.0,200.0,0.14012036958548,0.01695346274476,0.11057824706403,0.02235340452815,0.75842866456481
CAMP_008,31.0,9636.0,883.0,218.0,0.09163553341635,0.02262349522623,0.09265517915375,0.02095026479196,1.07986679170342
CAMP_008,32.0,9205.0,1265.0,171.0,0.13742531233025,0.01857686040195,0.10068124804585,0.02047102116331,0.90747111508265
CAMP_008,33.0,8566.0,818.0,178.0,0.09549381274807,0.0207798272239,0.09539781368747,0.02067538299649,1.00505162237775
CAMP_008,34.0,11502.0,797.0,214.0,0.06929229699182,0.01860545992001,0.08449400738922,0.02144703756727,0.86750721919753
CAMP_008,35.0,11507.0,1560.0,239.0,0.13556965325454,0.02076996610758,0.11057824706403,0.02235340452815,0.9291634337591
CAMP_008,36.0,11874.0,1436.0,240.0,0.12093649991578,0.02021222839818,0.10068124804585,0.02047102116331,0.98735809205261
CAMP_008,37.0,10122.0,1095.0,324.0,0.10818020154119,0.03200948429164,0.11057824706403,0.02235340452815,1.43197356140201
CAMP_008,38.0,8474.0,944.0,207.0,0.11139957517111,0.02442766108095,0.09265517915375,0.02095026479196,1.16598340515121
CAMP_008,39.0,8938.0,614.0,207.0,0.06869545759677,0.02315954352204,0.10068124804585,0.02047102116331,1.13133308481659
CAMP_008,40.0,9205.0,864.0,183.0,0.09386203150461,0.0198804997284,0.09265517915375,0.02095026479196,0.9489378738561
CAMP_009,1.0,8709.0,779.0,281.0,0.0894476977839,0.03226547249971,0.09200284233577,0.0235550918327,1.36978759110214
CAMP_009,2.0,8284.0,1058.0,244.0,0.12771607918879,0.02945436986962,0.091642526228,0.02508935796316,1.17397862124955
CAMP_009,3.0,10203.0,1163.0,205.0,0.11398608252474,0.02009212976575,0.09576698139948,0.0232963766816,0.86245728425303
CAMP_009,4.0,8848.0,805.0,212.0,0.09098101265822,0.02396021699819,0.09576698139948,0.0232963766816,1.02849543195736
CAMP_009,5.0,11701.0,1244.0,332.0,0.10631569951286,0.02837364327835,0.10290288571161,0.02788540854272,1.0175086097405
CAMP_009,6.0,9383.0,751.0,272.0,0.08003836725993,0.02898859639774,0.0937431249205,0.02166963547598,1.33775191695643
CAMP_009,7.0,11212.0,1130.0,217.0,0.10078487334998,0.01935426328933,0.0937431249205,0.02166963547598,0.89315130892651
CAMP_009,8.0,8951.0,961.0,157.0,0.10736230588761,0.01753993967154,0.0937431249205,0.02166963547598,0.80942476817326
CAMP_009,9.0,10332.0,857.0,196.0,0.08294618660472,0.01897018970189,0.09200284233577,0.0235550918327,0.80535409654216
CAMP_009,10.0,11215.0,914.0,185.0,0.08149799375835,0.01649576460098,0.08928914117061,0.01959650251499,0.84177085111783
CAMP_009,11.0,10637.0,905.0,214.0,0.08508037980633,0.02011845445144,0.08928914117061,0.01959650251499,1.02663495366317
CAMP_009,12.0,10549.0,828.0,252.0,0.07849085221347,0.02388852023888,0.091642526228,0.02508935796316,0.95213756661135
CAMP_009,13.0,9701.0,837.0,228.0,0.08627976497268,0.02350273167714,0.091642526228,0.02508935796316,0.93676098494254
CAMP_009,14.0,11335.0,1005.0,267.0,0.08866343184825,0.02355535950595,0.091642526228,0.02508935796316,0.93885860054855
CAMP_009,15.0,8799.0,1023.0,203.0,0.1162632117286,0.02307080350039,0.0937431249205,0.02166963547598,1.06466043353474
CAMP_009,16.0,10209.0,1032.0,165.0,0.101087275933,0.01616220981486,0.09200284233577,0.0235550918327,0.68614505643437
CAMP_009,17.0,11547.0,1221.0,370.0,0.10574175110418,0.03204295488005,0.09576698139948,0.0232963766816,1.37544800712949
CAMP_009,18.0,11079.0,760.0,196.0,0.06859824893943,0.01769112735806,0.0937431249205,0.02166963547598,0.81640170540358
CAMP_009,19.0,10007.0,945.0,200.0,0.0944338962726,0.01998600979314,0.09200284233577,0.0235550918327,0.84847938335752
CAMP_009,20.0,8327.0,587.0,261.0,0.07049357511708,0.03134382130419,0.09200284233577,0.0235550918327,1.33066011912846
CAMP_009,21.0,10626.0,948.0,217.0,0.08921513269339,0.02042160737812,0.0937431249205,0.02166963547598,0.94240659473782
CAMP_009,22.0,9287.0,653.0,166.0,0.07031334122967,0.01787444815333,0.09576698139948,0.0232963766816,0.76726301251148
CAMP_009,23.0,11149.0,1103.0,250.0,0.09893263969862,0.02242353574311,0.08928914117061,0.01959650251499,1.1442621317736
CAMP_009,24.0,11983.0,1449.0,357.0,0.12092130518234,0.02979220562463,0.0937431249205,0.02166963547598,1.37483649218082
CAMP_009,25.0,10516.0,981.0,195.0,0.09328642069227,0.01854317230886,0.08928914117061,0.01959650251499,0.9462490714694
CAMP_009,26.0,10001.0,888.0,166.0,0.08879112088791,0.01659834016598,0.08928914117061,0.01959650251499,0.84700523235112
CAMP_009,27.0,10198.0,901.0,173.0,0.08835065699156,0.01696411060992,0.08928914117061,0.01959650251499,0.8656703203514
CAMP_009,28.0,8914.0,877.0,302.0,0.0983845636078,0.03387929100291,0.09576698139948,0.0232963766816,1.45427297411722
CAMP_009,29.0,8513.0,764.0,178.0,0.08974509573593,0.02090919769763,0.091642526228,0.02508935796316,0.83338910977077
CAMP_009,30.0,11594.0,1032.0,308.0,0.08901155770225,0.02656546489563,0.10290288571161,0.02788540854272,0.95266543629564
CAMP_009,31.0,8470.0,757.0,268.0,0.08937426210153,0.03164108618654,0.091642526228,0.02508935796316,1.26113574659821
CAMP_009,32.0,8804.0,822.0,179.0,0.09336665152203,0.02033166742389,0.09576698139948,0.0232963766816,0.87273946939353
CAMP_009,33.0,11297.0,1001.0,200.0,0.0886075949367,0.01770381517216,0.0937431249205,0.02166963547598,0.8169872165959
CAMP_009,34.0,11577.0,1299.0,198.0,0.11220523451671,0.01710287639284,0.09200284233577,0.0235550918327,0.72607980110272
CAMP_009,35.0,10761.0,1053.0,321.0,0.09785335935321,0.02982994145525,0.10290288571161,0.02788540854272,1.06973298990949
CAMP_009,36.0,11798.0,1234.0,228.0,0.10459399898287,0.01932530937447,0.09576698139948,0.0232963766816,0.82954141919105
CAMP_009,37.0,11186.0,1077.0,245.0,0.09628106561773,0.02190237797246,0.10290288571161,0.02788540854272,0.7854422480097
CAMP_009,38.0,8236.0,639.0,145.0,0.07758620689655,0.01760563380281,0.091642526228,0.02508935796316,0.70171719135529
CAMP_009,39.0,9301.0,1064.0,221.0,0.11439630147295,0.02376088592624,0.09576698139948,0.0232963766816,1.01993911976034
CAMP_009,40.0,8441.0,756.0,227.0,0.08956284800379,0.02689254827627,0.091642526228,0.02508935796316,1.07187072366528
CAMP_010,1.0,8804.0,783.0,205.0,0.08893684688777,0.0232848705134,0.08449400738922,0.02144703756727,1.0856916924009
CAMP_010,2.0,11924.0,1628.0,238.0,0.13653136531365,0.01995974505199,0.09265517915375,0.02095026479196,0.95272041905896
CAMP_010,3.0,10081.0,1278.0,213.0,0.12677313758555,0.02112885626425,0.10068124804585,0.02047102116331,1.03213494313228
CAMP_010,4.0,9401.0,801.0,158.0,0.08520370173385,0.01680672268907,0.10068124804585,0.02047102116331,0.82100069923198
CAMP_010,5.0,8341.0,713.0,241.0,0.08548135715142,0.02889341805538,0.11057824706403,0.02235340452815,1.29257348781017
CAMP_010,6.0,8645.0,739.0,155.0,0.08548293811451,0.01792943898207,0.09539781368747,0.02067538299649,0.86718775585004
CAMP_010,7.0,9772.0,1066.0,169.0,0.10908718788374,0.01729431027425,0.09539781368747,0.02067538299649,0.83646867761458
CAMP_010,8.0,9708.0,1026.0,242.0,0.10568603213844,0.02492789451998,0.09539781368747,0.02067538299649,1.20567993948212
CAMP_010,9.0,8701.0,700.0,178.0,0.08045052292839,0.0204574186875,0.08449400738922,0.02144703756727,0.95385754901273
CAMP_010,10.0,11067.0,1007.0,193.0,0.09099123520375,0.01743923375801,0.09757533942962,0.02176567345707,0.80122647215171
CAMP_010,11.0,8692.0,716.0,155.0,0.08237459733087,0.01783248964565,0.09757533942962,0.02176567345707,0.81929418268717
CAMP_010,12.0,8148.0,717.0,158.0,0.08799705449189,0.0193912616593,0.09265517915375,0.02095026479196,0.92558551654875
CAMP_010,13.0,10723.0,914.0,246.0,0.08523734029655,0.02294134104261,0.09265517915375,0.02095026479196,1.09503823796149
CAMP_010,14.0,9250.0,839.0,177.0,0.0907027027027,0.01913513513513,0.09265517915375,0.02095026479196,0.91336006132367
CAMP_010,15.0,10711.0,1511.0,234.0,0.14106992811128,0.02184669965456,0.09539781368747,0.02067538299649,1.05665271875565
CAMP_010,16.0,9312.0,901.0,189.0,0.09675687285223,0.02029639175257,0.08449400738922,0.02144703756727,0.94634942886212
CAMP_010,17.0,11538.0,1139.0,189.0,0.09871728202461,0.0163806552262,0.10068124804585,0.02047102116331,0.80018749897844
CAMP_010,18.0,11005.0,1000.0,189.0,0.09086778736937,0.01717401181281,0.09539781368747,0.02067538299649,0.83065023829178
CAMP_010,19.0,10248.0,1152.0,215.0,0.11241217798594,0.02097970335675,0.08449400738922,0.02144703756727,0.97820984790748
CAMP_010,20.0,10760.0,822.0,207.0,0.0763940520446,0.01923791821561,0.08449400738922,0.02144703756727,0.89699652715513
CAMP_010,21.0,8060.0,681.0,156.0,0.08449131513647,0.01935483870967,0.09539781368747,0.02067538299649,0.93612963363042
CAMP_010,22.0,9062.0,632.0,150.0,0.06974177885676,0.01655263738689,0.10068124804585,0.02047102116331,0.80858874869184
CAMP_010,23.0,8107.0,823.0,191.0,0.10151720735167,0.02355988651782,0.09757533942962,0.02176567345707,1.08243315164523
CAMP_010,24.0,10913.0,1199.0,201.0,0.10986896362136,0.0184184000733,0.09539781368747,0.02067538299649,0.89083718915531
CAMP_010,25.0,10864.0,929.0,256.0,0.0855117820324,0.02356406480117,0.09757533942962,0.02176567345707,1.08262511829227
CAMP_010,26.0,11894.0,1244.0,198.0,0.10459054985707,0.01664704893223,0.09757533942962,0.02176567345707,0.76483040899534
CAMP_010,27.0,11663.0,1037.0,254.0,0.08891365857841,0.02177827317156,0.09757533942962,0.02176567345707,1.00057888006621
CAMP_010,28.0,10708.0,1107.0,233.0,0.10338064998132,0.02175943220022,0.10068124804585,0.02047102116331,1.06293828855086
CAMP_010,29.0,11023.0,974.0,198.0,0.0883607003538,0.01796244216637,0.09265517915375,0.02095026479196,0.85738497077467
CAMP_010,30.0,9112.0,913.0,245.0,0.10019754170324,0.02688762071992,0.11057824706403,0.02235340452815,1.20284230914641
CAMP_010,31.0,8488.0,1000.0,173.0,0.11781338360037,0.02038171536286,0.09265517915375,0.02095026479196,0.9728619454339
CAMP_010,32.0,8777.0,864.0,210.0,0.09843910219892,0.02392617067335,0.10068124804585,0.02047102116331,1.1687824697395
CAMP_010,33.0,9817.0,801.0,228.0,0.08159315473158,0.02322501782621,0.09539781368747,0.02067538299649,1.12331741715049
CAMP_010,34.0,11853.0,1092.0,258.0,0.09212857504429,0.02176664135661,0.08449400738922,0.02144703756727,1.01490200165587
CAMP_010,35.0,10930.0,1182.0,259.0,0.10814272644098,0.02369624885635,0.11057824706403,0.02235340452815,1.06007336942846
CAMP_010,36.0,8726.0,911.0,239.0,0.10440064176025,0.02738941095576,0.10068124804585,0.02047102116331,1.33796017000096
CAMP_010,37.0,10419.0,1103.0,251.0,0.10586428639984,0.02409060370477,0.11057824706403,0.02235340452815,1.07771519431982
CAMP_010,38.0,11561.0,964.0,244.0,0.08338379032955,0.02110544070582,0.09265517915375,0.02095026479196,1.00740687124475
CAMP_010,39.0,11223.0,1072.0,190.0,0.09551813240666,0.01692951973625,0.10068124804585,0.02047102116331,0.8269992786971
CAMP_010,40.0,9121.0,813.0,184.0,0.08913496327157,0.02017322661988,0.09265517915375,0.02095026479196,0.96291034123952
CAMP_011,1.0,11033.0,942.0,227.0,0.08538022296746,0.02057463971721,0.08449400738922,0.02144703756727,0.95932315373026
CAMP_011,2.0,11598.0,1214.0,235.0,0.1046732195206,0.02026211415761,0.09265517915375,0.02095026479196,0.96715312951012
CAMP_011,3.0,11029.0,1001.0,231.0,0.09076072173361,0.02094478193852,0.10068124804585,0.02047102116331,1.02314299669906
CAMP_011,4.0,8015.0,815.0,184.0,0.10168434185901,0.02295695570804,0.10068124804585,0.02047102116331,1.1214367629684
CAMP_011,5.0,11521.0,1232.0,264.0,0.1069351618783,0.02291467754535,0.11057824706403,0.02235340452815,1.02510906186527
CAMP_011,6.0,10461.0,924.0,182.0,0.08832807570977,0.01739795430647,0.09539781368747,0.02067538299649,0.8414815971932
CAMP_011,7.0,9297.0,841.0,207.0,0.09045928794234,0.02226524685382,0.09539781368747,0.02067538299649,1.07689646463132
CAMP_011,8.0,11110.0,909.0,237.0,0.08181818181818,0.02133213321332,0.09539781368747,0.02067538299649,1.03176483922633
CAMP_011,9.0,10032.0,1012.0,198.0,0.10087719298245,0.01973684210526,0.08449400738922,0.02144703756727,0.92025959498371
CAMP_011,10.0,8696.0,712.0,157.0,0.081876724931,0.01805427782888,0.09757533942962,0.02176567345707,0.82948399756577
CAMP_011,11.0,10424.0,901.0,201.0,0.08643514965464,0.01928242517267,0.09757533942962,0.02176567345707,0.88590988056055
CAMP_011,12.0,11430.0,1196.0,312.0,0.10463692038495,0.0272965879265,0.09265517915375,0.02095026479196,1.30292328987554
CAMP_011,13.0,11760.0,1080.0,221.0,0.09183673469387,0.0187925170068,0.09265517915375,0.02095026479196,0.89700618075296
CAMP_011,14.0,11741.0,1350.0,255.0,0.11498168810152,0.02171876330806,0.09265517915375,0.02095026479196,1.03668204310223
CAMP_011,15.0,8292.0,686.0,133.0,0.08273034249879,0.01603955619874,0.09539781368747,0.02067538299649,0.77578036650953
CAMP_011,16.0,9998.0,782.0,190.0,0.07821564312862,0.01900380076015,0.08449400738922,0.02144703756727,0.88608045286156
CAMP_011,17.0,11415.0,972.0,269.0,0.08515111695137,0.02356548401226,0.10068124804585,0.02047102116331,1.15116309168265
CAMP_011,18.0,9828.0,853.0,164.0,0.08679283679283,0.01668701668701,0.09539781368747,0.02067538299649,0.80709589224275
CAMP_011,19.0,8709.0,797.0,200.0,0.09151452520381,0.02296474911011,0.08449400738922,0.02144703756727,1.07076555622555
CAMP_011,20.0,11415.0,1175.0,238.0,0.1029347349978,0.02084975908891,0.08449400738922,0.02144703756727,0.97215100330357
CAMP_011,21.0,11224.0,963.0,185.0,0.0857982893799,0.01648253741981,0.09539781368747,0.02067538299649,0.79720590533239
CAMP_011,22.0,9607.0,870.0,203.0,0.09055896741958,0.02113042573123,0.10068124804585,0.02047102116331,1.03221161087472
CAMP_011,23.0,8884.0,1218.0,195.0,0.13710040522287,0.02194957226474,0.09757533942962,0.02176567345707,1.00844902906551
CAMP_011,24.0,11178.0,968.0,198.0,0.08659867597065,0.01771336553945,0.09539781368747,0.02067538299649,0.85673699696182
CAMP_011,25.0,10800.0,1179.0,244.0,0.10916666666666,0.02259259259259,0.09757533942962,0.02176567345707,1.03799189292934
CAMP_011,26.0,11588.0,804.0,275.0,0.06938211943389,0.02373144632378,0.09757533942962,0.02176567345707,1.09031527880741
CAMP_011,27.0,10736.0,1122.0,222.0,0.10450819672131,0.0206780923994,0.09757533942962,0.02176567345707,0.95003228088406
CAMP_011,28.0,9776.0,846.0,234.0,0.08653846153846,0.02393617021276,0.10068124804585,0.02047102116331,1.16927094265619
CAMP_011,29.0,10737.0,1113.0,257.0,0.10366024029058,0.02393592251094,0.09265517915375,0.02095026479196,1.14251169370064
CAMP_011,30.0,8002.0,840.0,142.0,0.10497375656085,0.01774556360909,0.11057824706403,0.02235340452815,0.79386402132822
CAMP_011,31.0,11191.0,961.0,182.0,0.08587257617728,0.01626306853721,0.09265517915375,0.02095026479196,0.77627030964571
CAMP_011,32.0,8579.0,843.0,143.0,0.09826320083925,0.01666860939503,0.10068124804585,0.02047102116331,0.8142539281286
CAMP_011,33.0,9640.0,746.0,175.0,0.07738589211618,0.01815352697095,0.09539781368747,0.02067538299649,0.87802615187501
CAMP_011,34.0,11612.0,1037.0,274.0,0.08930416810196,0.02359627971064,0.08449400738922,0.02144703756727,1.10021160902175
CAMP_011,35.0,9355.0,772.0,217.0,0.0825227151256,0.02319615179048,0.11057824706403,0.02235340452815,1.03770106970819
CAMP_011,36.0,9560.0,931.0,159.0,0.09738493723849,0.01663179916317,0.10068124804585,0.02047102116331,0.81245576517617
CAMP_011,37.0,8983.0,1037.0,187.0,0.11544027607703,0.02081709896471,0.11057824706403,0.02235340452815,0.93127196523872
CAMP_011,38.0,9274.0,791.0,185.0,0.08529221479404,0.0199482423981,0.09265517915375,0.02095026479196,0.95217137330665
CAMP_011,39.0,8453.0,769.0,142.0,0.09097361883355,0.01679876966757,0.10068124804585,0.02047102116331,0.82061219777724
CAMP_011,40.0,8795.0,614.0,250.0,0.06981239340534,0.02842524161455,0.09265517915375,0.02095026479196,1.35679629335555
CAMP_012,1.0,11111.0,990.0,279.0,0.08910089100891,0.02511025110251,0.08558839781938,0.02032427073382,1.23548103798471
CAMP_012,2.0,10162.0,1070.0,190.0,0.10529423341861,0.01869710686872,0.08828764553417,0.02186310627394,0.85518986343707
CAMP_012,3.0,9889.0,961.0,226.0,0.09717868338557,0.02285367580139,0.10222697238191,0.02055531252923,1.11181358925518
CAMP_012,4.0,9312.0,829.0,208.0,0.08902491408934,0.02233676975945,0.10222697238191,0.02055531252923,1.08666651152479
CAMP_012,5.0,11239.0,996.0,193.0,0.08861998398434,0.01717234629415,0.10515381491673,0.02030005375834,0.84592614869774
CAMP_012,6.0,10863.0,923.0,246.0,0.08496732026143,0.0226456779895,0.09710598982505,0.02004108069254,1.12996291651726
CAMP_012,7.0,11416.0,1031.0,192.0,0.09031184302733,0.01681850035038,0.09710598982505,0.02004108069254,0.83920126905341
CAMP_012,8.0,11738.0,1575.0,202.0,0.13417958766399,0.01720906457658,0.09710598982505,0.02004108069254,0.85868945096312
CAMP_012,9.0,11818.0,1076.0,233.0,0.09104755457776,0.01971568793366,0.08558839781938,0.02032427073382,0.97005635242037
CAMP_012,10.0,9054.0,1033.0,154.0,0.11409321846697,0.01700905677048,0.09823998355628,0.02088906027287,0.81425667542235
CAMP_012,11.0,10410.0,994.0,242.0,0.0954851104707,0.02324687800192,0.09823998355628,0.02088906027287,1.11287332691113
CAMP_012,12.0,10129.0,887.0,286.0,0.0875703425807,0.0282357587126,0.08828764553417,0.02186310627394,1.291479735716
CAMP_012,13.0,10012.0,742.0,175.0,0.07411106671993,0.01747902516979,0.08828764553417,0.02186310627394,0.79947583617728
CAMP_012,14.0,9548.0,790.0,227.0,0.08273984080435,0.02377461248428,0.08828764553417,0.02186310627394,1.08743067825733
CAMP_012,15.0,10064.0,854.0,191.0,0.08485691573926,0.01897853736089,0.09710598982505,0.02004108069254,0.94698173476993
CAMP_012,16.0,8447.0,683.0,187.0,0.08085710903279,0.02213803717296,0.08558839781938,0.02032427073382,1.08924140319164
CAMP_012,17.0,9349.0,1090.0,150.0,0.11659000962669,0.01604449673761,0.10222697238191,0.02055531252923,0.78055231292622
CAMP_012,18.0,9256.0,1096.0,173.0,0.11840968020743,0.01869057908383,0.09710598982505,0.02004108069254,0.93261333410979
CAMP_012,19.0,8571.0,619.0,188.0,0.07222027768055,0.02193443005483,0.08558839781938,0.02032427073382,1.07922347335833
CAMP_012,20.0,8277.0,749.0,177.0,0.0904917240546,0.02138455962305,0.08558839781938,0.02032427073382,1.05216860684009
CAMP_012,21.0,9265.0,1092.0,160.0,0.1178629249865,0.01726929303831,0.09710598982505,0.02004108069254,0.86169470116152
CAMP_012,22.0,10571.0,956.0,218.0,0.09043609876076,0.0206224576672,0.10222697238191,0.02055531252923,1.00326655884545
CAMP_012,23.0,10752.0,895.0,178.0,0.08324032738095,0.0165550595238,0.09823998355628,0.02088906027287,0.79252294299265
CAMP_012,24.0,10257.0,1094.0,243.0,0.10665886711514,0.02369113775957,0.09710598982505,0.02004108069254,1.18212875458317
