campaign_id,segment_id,impressions,clicks,conversions
CAMP_001,1,9354,708,158
CAMP_001,2,9496,861,160
CAMP_001,3,9400,942,150
CAMP_001,4,8972,1034,144
CAMP_001,5,9479,919,188
CAMP_001,6,11296,800,211
CAMP_001,7,9998,936,177
CAMP_001,8,9495,967,179
CAMP_001,9,9520,705,213
CAMP_001,10,11878,949,218
CAMP_001,11,11696,1075,212
CAMP_001,12,8001,640,131
CAMP_001,13,9759,876,174
CAMP_001,14,9153,739,179
CAMP_001,15,9733,862,208
CAMP_001,16,8202,630,183
CAMP_001,17,8293,764,174
CAMP_001,18,8197,635,184
CAMP_001,19,10191,897,189
CAMP_001,20,11397,965,260
CAMP_001,21,10811,910,217
CAMP_001,22,9986,873,187
CAMP_001,23,9734,843,209
CAMP_001,24,9663,932,219
CAMP_001,25,9802,1164,165
CAMP_001,26,10198,825,274
CAMP_001,27,8262,692,186
CAMP_001,28,9016,1130,162
CAMP_001,29,10944,768,316
CAMP_001,30,11108,1188,194
CAMP_001,31,11304,1122,246
CAMP_001,32,9154,1264,176
CAMP_001,33,9696,1051,202
CAMP_001,34,9443,1099,196
CAMP_001,35,11298,1043,265
CAMP_001,36,10200,833,176
CAMP_001,37,8337,796,163
CAMP_001,38,8956,854,194
CAMP_001,39,10848,866,189
CAMP_001,40,9527,1035,217
CAMP_002,1,8400,633,213
CAMP_002,2,8954,825,202
CAMP_002,3,10797,1064,321
CAMP_002,4,8562,995,180
CAMP_002,5,8225,754,174
CAMP_002,6,10926,872,239
CAMP_002,7,11900,1237,244
CAMP_002,8,9215,923,200
CAMP_002,9,9243,732,210
CAMP_002,10,10565,812,212
CAMP_002,11,10327,784,210
CAMP_002,12,8606,784,196
CAMP_002,13,8190,617,143
CAMP_002,14,9184,694,159
CAMP_002,15,9816,912,223
CAMP_002,16,9346,763,156
CAMP_002,17,11359,1146,214
CAMP_002,18,11710,941,269
CAMP_002,19,8784,776,150
CAMP_002,20,8245,631,151
CAMP_002,21,10806,843,194
CAMP_002,22,10455,940,210
CAMP_002,23,11896,1185,208
CAMP_002,24,11847,1206,331
CAMP_002,25,8971,1249,145
CAMP_002,26,11425,802,235
CAMP_002,27,8853,671,152
CAMP_002,28,11261,1315,291
CAMP_002,29,11413,844,186
CAMP_002,30,11854,1090,201
CAMP_002,31,11040,1261,250
CAMP_002,32,11691,1512,194
CAMP_002,33,8876,838,171
CAMP_002,34,10914,1181,297
CAMP_002,35,8268,905,179
CAMP_002,36,9682,1011,175
CAMP_002,37,11675,1202,262
CAMP_002,38,11545,1367,327
CAMP_002,39,11464,968,235
CAMP_002,40,8633,805,155
CAMP_003,1,11709,822,204
CAMP_003,2,11308,1013,267
CAMP_003,3,8703,849,181
CAMP_003,4,10294,711,211
CAMP_003,5,11506,1190,185
CAMP_003,6,9243,830,150
CAMP_003,7,9773,894,170
CAMP_003,8,10959,925,218
CAMP_003,9,8550,652,210
CAMP_003,10,8356,648,174
CAMP_003,11,11908,1063,215
CAMP_003,12,11977,994,239
CAMP_003,13,10816,875,232
CAMP_003,14,11087,1004,234
CAMP_003,15,8496,1177,179
CAMP_003,16,8851,941,211
CAMP_003,17,10427,889,234
CAMP_003,18,11498,1041,219
CAMP_003,19,9440,789,166
CAMP_003,20,8284,750,139
CAMP_003,21,11969,1072,313
CAMP_003,22,10774,751,199
CAMP_003,23,11993,1578,224
CAMP_003,24,8114,727,137
CAMP_003,25,11572,1060,271
CAMP_003,26,11447,1274,320
CAMP_003,27,10808,877,209
CAMP_003,28,10967,1149,262
CAMP_003,29,9571,957,265
CAMP_003,30,9687,1032,198
CAMP_003,31,11851,927,260
CAMP_003,32,10264,907,195
CAMP_003,33,11952,957,337
CAMP_003,34,9365,703,157
CAMP_003,35,9635,1025,223
CAMP_003,36,8075,741,190
CAMP_003,37,10782,1174,221
CAMP_003,38,9390,657,157
CAMP_003,39,8395,828,179
CAMP_003,40,11555,1048,257
CAMP_004,1,9062,826,180
CAMP_004,2,10982,1211,180
CAMP_004,3,11234,1565,211
CAMP_004,4,10705,976,230
CAMP_004,5,8953,1156,150
CAMP_004,6,9542,746,169
CAMP_004,7,9416,826,203
CAMP_004,8,9540,1195,170
CAMP_004,9,11719,1172,277
CAMP_004,10,8499,814,197
CAMP_004,11,9324,1043,177
CAMP_004,12,11486,1187,218
CAMP_004,13,10214,1038,237
CAMP_004,14,8038,630,144
CAMP_004,15,8753,832,143
CAMP_004,16,10523,909,296
CAMP_004,17,9958,1026,205
CAMP_004,18,8189,635,162
CAMP_004,19,11480,1325,204
CAMP_004,20,8133,922,193
CAMP_004,21,10220,917,295
CAMP_004,22,10933,1281,255
CAMP_004,23,9699,946,230
CAMP_004,24,11473,1288,203
CAMP_004,25,9166,867,192
CAMP_004,26,11957,923,327
CAMP_004,27,11018,1070,259
CAMP_004,28,8967,833,151
CAMP_004,29,8372,625,183
CAMP_004,30,8089,750,144
CAMP_004,31,8539,596,202
CAMP_004,32,11775,1448,191
CAMP_004,33,9224,695,259
CAMP_004,34,10779,803,183
CAMP_004,35,11618,1223,274
CAMP_004,36,8255,1055,192
CAMP_004,37,8009,868,183
CAMP_004,38,8876,638,171
CAMP_004,39,8373,732,200
CAMP_004,40,10224,787,224
CAMP_005,1,9240,1096,294
CAMP_005,2,9484,791,216
CAMP_005,3,8510,989,139
CAMP_005,4,8517,720,241
CAMP_005,5,9668,1386,276
CAMP_005,6,11044,943,340
CAMP_005,7,8082,597,158
CAMP_005,8,9901,1143,180
CAMP_005,9,11843,1131,253
CAMP_005,10,9823,882,178
CAMP_005,11,9574,1046,241
CAMP_005,12,10165,1162,234
CAMP_005,13,9984,1054,286
CAMP_005,14,11805,1027,244
CAMP_005,15,10814,891,238
CAMP_005,16,10900,908,244
CAMP_005,17,10150,868,286
CAMP_005,18,10853,896,228
CAMP_005,19,9358,954,217
CAMP_005,20,9331,984,256
CAMP_005,21,9358,943,196
CAMP_005,22,11634,1281,260
CAMP_005,23,8137,881,162
CAMP_005,24,11579,1257,265
CAMP_005,25,11845,1134,220
CAMP_005,26,11818,968,221
CAMP_005,27,10158,938,215
CAMP_005,28,10142,944,306
CAMP_005,29,8899,643,166
CAMP_005,30,11266,1202,396
CAMP_005,31,8671,625,212
CAMP_005,32,11474,1570,215
CAMP_005,33,8681,627,145
CAMP_005,34,11584,936,218
CAMP_005,35,11117,1023,222
CAMP_005,36,9836,1161,164
CAMP_005,37,10094,1006,168
CAMP_005,38,10397,746,197
CAMP_005,39,8336,622,187
CAMP_005,40,8624,710,257
CAMP_006,1,8302,638,230
CAMP_006,2,8473,876,239
CAMP_006,3,11457,1181,186
CAMP_006,4,9335,664,280
CAMP_006,5,8918,859,252
CAMP_006,6,11345,1161,321
CAMP_006,7,11086,781,242
CAMP_006,8,10075,827,186
CAMP_006,9,9254,649,187
CAMP_006,10,8536,762,176
CAMP_006,11,9603,734,254
CAMP_006,12,9169,642,232
CAMP_006,13,10081,820,291
CAMP_006,14,10795,997,197
CAMP_006,15,9541,1333,198
CAMP_006,16,11514,1145,274
CAMP_006,17,11812,1281,331
CAMP_006,18,10324,739,185
CAMP_006,19,10563,933,176
CAMP_006,20,10397,975,337
CAMP_006,21,8758,788,141
CAMP_006,22,8228,753,138
CAMP_006,23,11393,1454,265
CAMP_006,24,9870,1037,249
CAMP_006,25,10551,1080,237
CAMP_006,26,8193,866,168
CAMP_006,27,9458,833,208
CAMP_006,28,9433,857,256
CAMP_006,29,8224,915,166
CAMP_006,30,10048,996,321
CAMP_006,31,9828,787,322
CAMP_006,32,10892,1055,178
CAMP_006,33,8689,685,177
CAMP_006,34,9673,887,179
CAMP_006,35,11713,1281,200
CAMP_006,36,10376,1073,215
CAMP_006,37,9943,984,222
CAMP_006,38,9118,823,206
CAMP_006,39,8235,832,193
CAMP_006,40,11530,1043,251
CAMP_007,1,9570,863,260
CAMP_007,2,11643,1232,249
CAMP_007,3,8872,915,248
CAMP_007,4,9314,871,209
CAMP_007,5,11450,1143,266
CAMP_007,6,8600,765,205
CAMP_007,7,10343,1060,224
CAMP_007,8,10847,1029,324
CAMP_007,9,9046,710,233
CAMP_007,10,10192,913,242
CAMP_007,11,9997,695,178
CAMP_007,12,11110,786,261
CAMP_007,13,10438,892,224
CAMP_007,14,11571,1007,242
CAMP_007,15,10035,1033,206
CAMP_007,16,10204,731,188
CAMP_007,17,11044,1148,189
CAMP_007,18,10243,836,226
CAMP_007,19,9658,831,162
CAMP_007,20,9932,701,225
CAMP_007,21,10263,846,205
CAMP_007,22,11719,839,208
CAMP_007,23,10891,1130,227
CAMP_007,24,10674,1084,271
CAMP_007,25,9834,1263,222
CAMP_007,26,11325,1017,234
CAMP_007,27,8711,680,159
CAMP_007,28,8362,935,216
CAMP_007,29,11005,774,198
CAMP_007,30,9639,1028,225
CAMP_007,31,8355,978,233
CAMP_007,32,11876,1574,204
CAMP_007,33,8603,861,142
CAMP_007,34,8050,896,236
CAMP_007,35,11797,1272,200
CAMP_007,36,9636,1059,218
CAMP_007,37,9205,973,279
CAMP_007,38,8566,818,223
CAMP_007,39,11502,797,268
CAMP_007,40,11507,1300,239
CAMP_008,1,11874,920,240
CAMP_008,2,10122,1095,199
CAMP_008,3,8474,871,166
CAMP_008,4,8938,799,260
CAMP_008,5,9205,797,183
CAMP_008,6,8709,599,160
CAMP_008,7,8284,882,174
CAMP_008,8,10203,895,266
CAMP_008,9,8848,805,151
CAMP_008,10,11701,1037,237
CAMP_008,11,9383,751,194
CAMP_008,12,11212,869,217
CAMP_008,13,8951,801,157
CAMP_008,14,10332,857,196
CAMP_008,15,11215,1097,185
CAMP_008,16,10637,905,214
CAMP_008,17,10549,994,202
CAMP_008,18,9701,837,203
CAMP_008,19,11335,1005,333
CAMP_008,20,8799,655,203
CAMP_008,21,10209,794,165
CAMP_008,22,11547,1017,264
CAMP_008,23,11079,912,319
CAMP_008,24,10007,873,200
CAMP_008,25,8327,915,232
CAMP_008,26,10626,948,217
CAMP_008,27,9287,653,166
CAMP_008,28,11149,1434,250
CAMP_008,29,11983,929,255
CAMP_008,30,10516,981,195
CAMP_008,31,10001,888,166
CAMP_008,32,10198,1405,173
CAMP_008,33,8914,950,172
CAMP_008,34,8513,994,178
CAMP_008,35,11594,1032,275
CAMP_008,36,8470,699,239
CAMP_008,37,8804,822,233
CAMP_008,38,11297,1302,200
CAMP_008,39,11577,999,198
CAMP_008,40,10761,1141,256
CAMP_009,1,11798,1337,320
CAMP_009,2,11186,1077,343
CAMP_009,3,8236,997,146
CAMP_009,4,9301,818,310
CAMP_009,5,8441,1180,254
CAMP_009,6,8804,602,287
CAMP_009,7,11924,1044,238
CAMP_009,8,10081,1278,213
CAMP_009,9,9401,1042,197
CAMP_009,10,8341,772,193
CAMP_009,11,8645,961,155
CAMP_009,12,9772,1066,169
CAMP_009,13,9708,1112,261
CAMP_009,14,8701,700,142
CAMP_009,15,11067,1208,193
CAMP_009,16,8692,716,194
CAMP_009,17,8148,861,222
CAMP_009,18,10723,914,197
CAMP_009,19,9250,1091,177
CAMP_009,20,10711,1259,327
CAMP_009,21,9312,901,236
CAMP_009,22,11538,1234,189
CAMP_009,23,11005,1200,189
CAMP_009,24,10248,1382,241
CAMP_009,25,10760,986,207
CAMP_009,26,8060,681,196
CAMP_009,27,9062,822,150
CAMP_009,28,8107,823,206
CAMP_009,29,10913,769,252
CAMP_009,30,10864,929,358
CAMP_009,31,11894,957,277
CAMP_009,32,11663,1618,254
CAMP_009,33,10708,923,291
CAMP_009,34,11023,974,198
CAMP_009,35,9112,913,196
CAMP_009,36,8488,1200,138
CAMP_009,37,8777,864,210
CAMP_009,38,9817,801,228
CAMP_009,39,11853,840,258
CAMP_009,40,10930,985,259
CAMP_010,1,8726,987,191
CAMP_010,2,10419,1103,193
CAMP_010,3,11561,1505,245
CAMP_010,4,11223,825,190
CAMP_010,5,9121,1269,184
CAMP_010,6,11033,942,182
CAMP_010,7,11598,1012,235
CAMP_010,8,11029,1301,301
CAMP_010,9,8015,815,184
CAMP_010,10,11521,1027,264
CAMP_010,11,10461,924,228
CAMP_010,12,9297,1094,260
CAMP_010,13,11110,985,182
CAMP_010,14,10032,778,198
CAMP_010,15,8696,855,158
CAMP_010,16,10424,901,201
CAMP_010,17,11430,1104,312
CAMP_010,18,11760,830,221
CAMP_010,19,11741,1350,255
CAMP_010,20,8292,743,133
CAMP_010,21,9998,1017,190
CAMP_010,22,11415,1053,269
CAMP_010,23,9828,1024,213
CAMP_010,24,8709,1244,200
CAMP_010,25,11415,1085,238
CAMP_010,26,11224,963,185
CAMP_010,27,9607,1131,254
CAMP_010,28,8884,937,150
CAMP_010,29,11178,807,198
CAMP_010,30,10800,1179,305
CAMP_010,31,11588,804,275
CAMP_010,32,10736,1347,223
CAMP_010,33,9776,705,187
CAMP_010,34,10737,856,257
CAMP_010,35,8002,840,142
CAMP_010,36,11191,1500,182
CAMP_010,37,8579,843,186
CAMP_010,38,9640,746,175
CAMP_010,39,11612,1037,274
CAMP_010,40,9355,644,217
CAMP_011,1,9560,776,159
CAMP_011,2,8983,798,144
CAMP_011,3,9274,949,184
CAMP_011,4,8453,769,142
CAMP_011,5,8795,736,200
CAMP_011,6,11111,1288,223
CAMP_011,7,10162,892,190
CAMP_011,8,9889,961,294
CAMP_011,9,9312,829,260
CAMP_011,10,11239,830,193
CAMP_011,11,10863,923,246
CAMP_011,12,11416,1031,192
CAMP_011,13,11738,1010,202
CAMP_011,14,11818,1399,233
CAMP_011,15,9054,1240,154
CAMP_011,16,10410,994,302
CAMP_011,17,10129,1065,229
CAMP_011,18,10012,742,175
CAMP_011,19,9548,790,227
CAMP_011,20,10064,926,191
CAMP_011,21,8447,889,234
CAMP_011,22,9349,699,150
CAMP_011,23,9256,1315,225
CAMP_011,24,8571,743,188
CAMP_011,25,8277,898,177
CAMP_011,26,9265,1092,200
CAMP_011,27,10571,735,218
CAMP_011,28,10752,895,178
CAMP_011,29,10257,1185,304
CAMP_011,30,8284,782,175
CAMP_011,31,8947,771,144
CAMP_011,32,8906,937,168
CAMP_011,33,11999,1037,321
CAMP_011,34,11609,833,229
CAMP_011,35,8515,1039,166
CAMP_011,36,8038,777,181
CAMP_011,37,9098,800,196
CAMP_011,38,8973,659,152
CAMP_011,39,11778,1390,202
CAMP_011,40,11675,998,271
CAMP_012,1,8868,738,169
CAMP_012,2,9976,941,184
CAMP_012,3,8569,919,152
CAMP_012,4,9980,944,228
CAMP_012,5,8791,810,201
CAMP_012,6,10255,831,177
CAMP_012,7,8984,1037,199
CAMP_012,8,8590,813,173
CAMP_012,9,10246,850,218
CAMP_012,10,8692,781,206
CAMP_012,11,10963,955,217
CAMP_012,12,10253,844,213
CAMP_012,13,9875,773,173
CAMP_012,14,9016,647,190
CAMP_012,15,10548,942,235
CAMP_012,16,8394,769,180
CAMP_012,17,11860,992,226
CAMP_012,18,9389,858,204
CAMP_012,19,10058,851,229
CAMP_012,20,8101,727,176
CAMP_012,21,11762,829,263
CAMP_012,22,10936,893,176
CAMP_012,23,9333,927,201
CAMP_012,24,8713,905,204
CAMP_012,25,11936,1497,199
CAMP_012,26,9949,684,206
CAMP_012,27,8917,675,212
CAMP_012,28,8089,1066,181
CAMP_012,29,11041,761,294
CAMP_012,30,9895,988,214
CAMP_012,31,9925,1061,207
CAMP_012,32,10270,1297,222
CAMP_012,33,9287,1095,243
CAMP_012,34,9107,901,204
CAMP_012,35,10054,1011,205
CAMP_012,36,11461,1204,224
CAMP_012,37,8514,704,147
CAMP_012,38,8013,728,131
CAMP_012,39,10134,847,200
CAMP_012,40,9266,882,220
CAMP_013,1,11427,981,459
CAMP_013,2,10356,1041,362
CAMP_013,3,11665,958,309
CAMP_013,4,8548,1021,284
CAMP_013,5,11714,983,315
CAMP_013,6,8444,588,239
CAMP_013,7,8352,957,145
CAMP_013,8,9748,999,267
CAMP_013,9,8403,698,229
CAMP_013,10,11453,1050,233
CAMP_013,11,9712,780,201
CAMP_013,12,9273,791,184
CAMP_013,13,10625,874,332
CAMP_013,14,8294,619,171
CAMP_013,15,9269,852,176
CAMP_013,16,8529,709,186
CAMP_013,17,10914,1134,293
CAMP_013,18,8477,612,151
CAMP_013,19,10381,833,200
CAMP_013,20,11052,867,259
CAMP_013,21,8380,659,168
CAMP_013,22,10008,839,167
CAMP_013,23,11216,1041,266
CAMP_013,24,10113,1075,284
CAMP_013,25,9472,1279,161
CAMP_013,26,8300,611,148
CAMP_013,27,11081,773,192
CAMP_013,28,9993,1227,373
CAMP_013,29,11432,895,205
CAMP_013,30,9706,1057,244
CAMP_013,31,10933,1023,311
CAMP_013,32,9956,1189,201
CAMP_013,33,10352,1187,232
CAMP_013,34,10203,1177,260
CAMP_013,35,9274,786,168
CAMP_013,36,11713,997,209
CAMP_013,37,8281,685,175
CAMP_013,38,8197,770,171
CAMP_013,39,9184,736,187
CAMP_013,40,8489,855,168
CAMP_014,1,9274,631,218
CAMP_014,2,11377,1247,234
CAMP_014,3,11255,1085,223
CAMP_014,4,11499,928,244
CAMP_014,5,9661,874,209
CAMP_014,6,10793,1200,186
CAMP_014,7,9364,657,199
CAMP_014,8,11423,1009,270
CAMP_014,9,9198,778,208
CAMP_014,10,11289,869,182
CAMP_014,11,11216,986,256
CAMP_014,12,11952,821,280
CAMP_014,13,8813,793,183
CAMP_014,14,9310,1014,178
CAMP_014,15,9092,1160,170
CAMP_014,16,9009,966,166
CAMP_014,17,11232,1048,257
CAMP_014,18,10632,746,243
CAMP_014,19,11018,981,264
CAMP_014,20,8493,996,165
CAMP_014,21,11553,1296,258
CAMP_014,22,8850,786,168
CAMP_014,23,8821,1150,205
CAMP_014,24,11136,1026,213
CAMP_014,25,8916,825,227
CAMP_014,26,9440,904,179
CAMP_014,27,9963,680,205
CAMP_014,28,11015,1110,230
CAMP_014,29,10989,1143,223
CAMP_014,30,10375,1001,205
CAMP_014,31,10676,934,180
CAMP_014,32,9156,852,188
CAMP_014,33,11371,903,217
CAMP_014,34,10390,909,225
CAMP_014,35,8890,1116,250
CAMP_014,36,10666,872,282
CAMP_014,37,9147,997,194
CAMP_014,38,8050,559,188
CAMP_014,39,8469,800,146
CAMP_014,40,8963,664,163
CAMP_015,1,11610,1048,329
CAMP_015,2,9671,875,282
CAMP_015,3,9681,901,230
CAMP_015,4,10137,718,247
CAMP_015,5,11422,1214,357
CAMP_015,6,10206,1127,240
CAMP_015,7,8444,626,200
CAMP_015,8,9475,796,213
CAMP_015,9,9195,634,193
CAMP_015,10,10938,744,230
CAMP_015,11,9300,829,207
CAMP_015,12,8520,711,185
CAMP_015,13,9656,851,313
CAMP_015,14,8719,922,157
CAMP_015,15,9603,1117,216
CAMP_015,16,11131,1217,250
CAMP_015,17,8914,887,305
CAMP_015,18,10289,737,183
CAMP_015,19,11179,991,198
CAMP_015,20,8661,772,256
CAMP_015,21,8987,852,189
CAMP_015,22,8968,693,185
CAMP_015,23,11325,1261,205
CAMP_015,24,8262,839,222
CAMP_015,25,11445,1080,249
CAMP_015,26,10506,1253,178
CAMP_015,27,11602,956,270
CAMP_015,28,10335,924,240
CAMP_015,29,8743,948,181
CAMP_015,30,8072,733,251
CAMP_015,31,10472,867,286
CAMP_015,32,10875,908,243
CAMP_015,33,11610,967,210
CAMP_015,34,9735,814,197
CAMP_015,35,10428,1284,182
CAMP_015,36,9153,1008,194
CAMP_015,37,9232,1018,180
CAMP_015,38,8115,563,166
CAMP_015,39,11619,1375,244
CAMP_015,40,11374,828,288
CAMP_016,1,10493,819,331
CAMP_016,2,11083,1015,330
CAMP_016,3,11027,1050,210
CAMP_016,4,11350,880,341
CAMP_016,5,9540,981,295
CAMP_016,6,10368,1188,292
CAMP_016,7,10453,733,230
CAMP_016,8,9184,910,184
CAMP_016,9,9523,809,155
CAMP_016,10,8480,622,158
CAMP_016,11,10408,729,244
CAMP_016,12,11016,883,248
CAMP_016,13,9725,765,283
CAMP_016,14,8310,776,185
CAMP_016,15,10190,1459,232
CAMP_016,16,8489,883,162
CAMP_016,17,10725,1127,285
CAMP_016,18,11287,911,306
CAMP_016,19,11138,968,256
CAMP_016,20,8072,794,182
CAMP_016,21,10906,1200,204
CAMP_016,22,9811,802,230
CAMP_016,23,9985,1108,285
CAMP_016,24,8163,808,195
CAMP_016,25,10383,1075,225
CAMP_016,26,10946,1293,247
CAMP_016,27,9676,743,160
CAMP_016,28,11041,1061,275
CAMP_016,29,11244,1186,266
CAMP_016,30,11679,1152,383
CAMP_016,31,11603,911,273
CAMP_016,32,8389,684,135
CAMP_016,33,11201,936,192
CAMP_016,34,11058,901,193
CAMP_016,35,10392,1125,311
CAMP_016,36,9276,922,213
CAMP_016,37,8982,794,153
CAMP_016,38,9352,811,169
CAMP_016,39,10310,1134,170
CAMP_016,40,11331,942,201
CAMP_017,1,10148,1091,187
CAMP_017,2,8819,886,200
CAMP_017,3,11761,1305,271
CAMP_017,4,9597,803,225
CAMP_017,5,10202,1240,230
CAMP_017,6,9764,754,231
CAMP_017,7,9206,717,182
CAMP_017,8,10293,1396,212
CAMP_017,9,11542,1069,233
CAMP_017,10,10112,995,229
CAMP_017,11,10540,1252,236
CAMP_017,12,8172,733,154
CAMP_017,13,8496,896,166
CAMP_017,14,10355,770,177
CAMP_017,15,10557,907,196
CAMP_017,16,11835,989,265
CAMP_017,17,11804,1097,232
CAMP_017,18,10068,915,214
CAMP_017,19,10239,1156,236
CAMP_017,20,10176,1156,168
CAMP_017,21,9120,1045,148
CAMP_017,22,10279,1056,216
CAMP_017,23,10849,1005,265
CAMP_017,24,10992,1418,181
CAMP_017,25,8855,947,186
CAMP_017,26,10987,882,235
CAMP_017,27,8844,792,194
CAMP_017,28,11456,958,189
CAMP_017,29,10711,737,214
CAMP_017,30,8231,755,151
CAMP_017,31,9674,883,227
CAMP_017,32,10546,1191,183
CAMP_017,33,9284,753,210
CAMP_017,34,10567,785,170
CAMP_017,35,8991,866,260
CAMP_017,36,11719,1580,307
CAMP_017,37,11009,1109,176
CAMP_017,38,9827,813,218
CAMP_017,39,10216,930,202
CAMP_017,40,10814,986,241
CAMP_018,1,8651,686,204
CAMP_018,2,8780,863,270
CAMP_018,3,9311,925,160
CAMP_018,4,8521,843,349
CAMP_018,5,10230,862,271
CAMP_018,6,8845,694,258
CAMP_018,7,10837,1050,253
CAMP_018,8,11243,981,259
CAMP_018,9,10935,1004,233
CAMP_018,10,9245,819,210
CAMP_018,11,9256,750,195
CAMP_018,12,11069,875,251
CAMP_018,13,11431,930,279
CAMP_018,14,9759,705,198
CAMP_018,15,8234,735,167
CAMP_018,16,11852,852,201
CAMP_018,17,8462,712,280
CAMP_018,18,9486,760,269
CAMP_018,19,8460,659,233
CAMP_018,20,9376,751,240
CAMP_018,21,10066,721,168
CAMP_018,22,10155,845,224
CAMP_018,23,9134,787,233
CAMP_018,24,11655,1033,355
CAMP_018,25,8448,984,185
CAMP_018,26,9855,859,173
CAMP_018,27,11081,950,249
CAMP_018,28,9754,1103,257
CAMP_018,29,9036,731,182
CAMP_018,30,10281,1064,234
CAMP_018,31,10256,910,315
CAMP_018,32,11508,1379,214
CAMP_018,33,9778,1121,193
CAMP_018,34,11282,1348,213
CAMP_018,35,9404,941,261
CAMP_018,36,9013,889,215
CAMP_018,37,9492,775,165
CAMP_018,38,10249,1104,193
CAMP_018,39,9080,701,174
CAMP_018,40,10630,1099,224
CAMP_019,1,11799,831,209
CAMP_019,2,10547,1030,219
CAMP_019,3,8161,806,169
CAMP_019,4,11259,988,224
CAMP_019,5,9901,850,213
CAMP_019,6,9099,1027,197
CAMP_019,7,10974,963,221
CAMP_019,8,11756,1009,284
CAMP_019,9,9206,678,174
CAMP_019,10,9136,752,199
CAMP_019,11,8970,767,206
CAMP_019,12,8160,637,214
CAMP_019,13,9775,706,209
CAMP_019,14,9582,1098,182
CAMP_019,15,10184,1442,179
CAMP_019,16,8499,847,158
CAMP_019,17,8972,913,231
CAMP_019,18,11701,872,235
CAMP_019,19,9900,859,162
CAMP_019,20,8546,870,196
CAMP_019,21,9372,963,185
CAMP_019,22,10964,866,217
CAMP_019,23,11653,1511,248
CAMP_019,24,11366,1089,221
CAMP_019,25,11384,931,187
CAMP_019,26,8685,933,148
CAMP_019,27,11614,1046,286
CAMP_019,28,10772,900,177
CAMP_019,29,10461,936,190
CAMP_019,30,9974,1074,224
CAMP_019,31,11919,916,231
CAMP_019,32,11800,1226,194
CAMP_019,33,9836,870,160
CAMP_019,34,11921,1069,203
CAMP_019,35,10243,1207,227
CAMP_019,36,11141,1197,180
CAMP_019,37,11831,1152,261
CAMP_019,38,8943,809,146
CAMP_019,39,10539,1190,221
CAMP_019,40,8164,747,184
CAMP_020,1,11202,956,196
CAMP_020,2,10352,983,246
CAMP_020,3,8383,917,146
CAMP_020,4,10208,731,227
CAMP_020,5,10537,886,226
CAMP_020,6,10336,1082,174
CAMP_020,7,11425,887,232
CAMP_020,8,10470,1067,276
CAMP_020,9,8965,658,204
CAMP_020,10,10889,783,256
CAMP_020,11,11183,818,187
CAMP_020,12,11215,873,237
CAMP_020,13,11157,836,248
CAMP_020,14,9317,1058,183
CAMP_020,15,9727,1320,194
CAMP_020,16,10079,972,174
CAMP_020,17,10430,1078,229
CAMP_020,18,9678,705,278
CAMP_020,19,9749,700,219
CAMP_020,20,11452,1173,273
CAMP_020,21,11097,1174,226
CAMP_020,22,9783,774,227
CAMP_020,23,11168,1348,406
CAMP_020,24,10726,1078,242
CAMP_020,25,9201,775,224
CAMP_020,26,8778,831,177
CAMP_020,27,11991,918,264
CAMP_020,28,8484,847,189
CAMP_020,29,8558,808,198
CAMP_020,30,9233,795,199
CAMP_020,31,11339,816,237
CAMP_020,32,10924,1176,198
CAMP_020,33,8039,644,166
CAMP_020,34,9014,652,208
CAMP_020,35,9915,1356,229
CAMP_020,36,11037,1096,229
CAMP_020,37,10591,900,301
CAMP_020,38,11958,1090,231
CAMP_020,39,9910,913,215
CAMP_020,40,11233,808,258
CAMP_021,1,9758,1062,166
CAMP_021,2,11908,1163,240
CAMP_021,3,11864,1624,209
CAMP_021,4,11069,947,193
CAMP_021,5,11548,1353,269
CAMP_021,6,8645,735,160
CAMP_021,7,9418,844,199
CAMP_021,8,10504,1254,272
CAMP_021,9,9154,1060,184
CAMP_021,10,11348,1043,189
CAMP_021,11,9440,905,202
CAMP_021,12,8040,896,176
CAMP_021,13,9098,989,190
CAMP_021,14,11733,1005,263
CAMP_021,15,10909,1197,229
CAMP_021,16,8723,747,146
CAMP_021,17,8482,859,175
CAMP_021,18,9958,717,211
CAMP_021,19,10048,1150,183
CAMP_021,20,10238,1013,234
CAMP_021,21,9838,963,174
CAMP_021,22,10274,1152,197
CAMP_021,23,11725,1261,272
CAMP_021,24,8392,1137,178
CAMP_021,25,10257,1029,235
CAMP_021,26,10266,836,173
CAMP_021,27,10935,1096,243
CAMP_021,28,8500,827,161
CAMP_021,29,9565,834,189
CAMP_021,30,9904,820,271
CAMP_021,31,8153,743,138
CAMP_021,32,8082,1151,182
CAMP_021,33,9298,811,149
CAMP_021,34,11398,945,233
CAMP_021,35,9659,1018,176
CAMP_021,36,10990,1350,194
CAMP_021,37,9460,919,206
CAMP_021,38,8285,572,169
CAMP_021,39,10867,817,225
CAMP_021,40,9762,716,266
CAMP_022,1,8040,556,186
CAMP_022,2,9799,1047,182
CAMP_022,3,9621,1032,168
CAMP_022,4,8694,702,197
CAMP_022,5,10479,865,216
CAMP_022,6,11647,1316,239
CAMP_022,7,8660,602,196
CAMP_022,8,9986,955,284
CAMP_022,9,11272,1012,240
CAMP_022,10,8976,624,212
CAMP_022,11,9031,726,219
CAMP_022,12,10379,932,255
CAMP_022,13,8526,702,197
CAMP_022,14,10652,998,251
CAMP_022,15,9573,1227,206
CAMP_022,16,8131,890,138
CAMP_022,17,8771,812,217
CAMP_022,18,10901,809,197
CAMP_022,19,10394,892,208
CAMP_022,20,9110,920,210
CAMP_022,21,11793,1175,233
CAMP_022,22,8729,783,156
CAMP_022,23,8361,1191,202
CAMP_022,24,10800,1074,213
CAMP_022,25,9455,847,166
CAMP_022,26,10700,1125,244
CAMP_022,27,8880,650,180
CAMP_022,28,8891,798,175
CAMP_022,29,11828,1256,237
CAMP_022,30,9386,777,213
CAMP_022,31,9367,656,195
CAMP_022,32,8855,858,203
CAMP_022,33,8182,728,163
CAMP_022,34,10826,747,212
CAMP_022,35,10174,1183,194
CAMP_022,36,11691,1199,269
CAMP_022,37,11004,1124,298
CAMP_022,38,11311,849,245
CAMP_022,39,8987,1024,143
CAMP_022,40,8858,602,240
CAMP_023,1,10478,727,218
CAMP_023,2,10897,969,232
CAMP_023,3,11744,1112,222
CAMP_023,4,11730,965,239
CAMP_023,5,9136,764,152
CAMP_023,6,10702,1196,206
CAMP_023,7,11868,1000,224
CAMP_023,8,9866,975,256
CAMP_023,9,8562,769,223
CAMP_023,10,9563,689,201
CAMP_023,11,8628,773,142
CAMP_023,12,9935,911,223
CAMP_023,13,8267,620,164
CAMP_023,14,11884,1198,276
CAMP_023,15,8573,1088,160
CAMP_023,16,11350,1292,234
CAMP_023,17,10324,1048,200
CAMP_023,18,10658,744,216
CAMP_023,19,10021,871,196
CAMP_023,20,9889,992,193
CAMP_023,21,11243,1315,273
CAMP_023,22,8359,746,134
CAMP_023,23,11896,1274,296
CAMP_023,24,9943,918,172
CAMP_023,25,10980,1100,179
CAMP_023,26,8832,876,190
CAMP_023,27,11740,944,223
CAMP_023,28,9442,863,156
CAMP_023,29,8125,869,170
CAMP_023,30,8575,849,162
CAMP_023,31,11699,958,239
CAMP_023,32,9054,918,154
CAMP_023,33,10884,799,323
CAMP_023,34,11650,1061,222
CAMP_023,35,9178,1045,214
CAMP_023,36,9257,860,171
CAMP_023,37,10172,964,242
CAMP_023,38,10532,927,199
CAMP_023,39,8123,797,187
CAMP_023,40,9731,894,198
CAMP_024,1,8796,659,208
CAMP_024,2,9523,785,226
CAMP_024,3,9301,903,160
CAMP_024,4,10352,836,179
CAMP_024,5,8820,931,172
CAMP_024,6,9577,1093,207
CAMP_024,7,8761,607,163
CAMP_024,8,9003,795,203
CAMP_024,9,8835,674,227
CAMP_024,10,9303,855,159
CAMP_024,11,10913,870,209
CAMP_024,12,10320,883,189
CAMP_024,13,9237,754,193
CAMP_024,14,8164,907,140
CAMP_024,15,10564,1308,214
CAMP_024,16,11730,1085,304
CAMP_024,17,9889,1012,200
CAMP_024,18,11211,772,246
CAMP_024,19,9510,675,212
CAMP_024,20,9043,931,147
CAMP_024,21,9605,893,236
CAMP_024,22,11375,799,250
CAMP_024,23,8581,1099,162
CAMP_024,24,11173,1079,228
CAMP_024,25,10454,969,209
CAMP_024,26,10808,1077,294
CAMP_024,27,9972,912,191
CAMP_024,28,9970,986,206
CAMP_024,29,8902,1052,195
CAMP_024,30,11400,949,182
CAMP_024,31,10384,917,240
CAMP_024,32,10194,923,183
CAMP_024,33,10884,873,285
CAMP_024,34,10334,884,228
CAMP_024,35,8021,1057,174
CAMP_024,36,11637,1126,245
CAMP_024,37,8276,760,185
CAMP_024,38,11735,1004,237
CAMP_024,39,11805,1046,282
CAMP_024,40,10311,947,172
CAMP_025,1,8541,583,261
CAMP_025,2,8024,801,185
CAMP_025,3,8140,840,180
CAMP_025,4,11199,1272,451
CAMP_025,5,8546,848,199
CAMP_025,6,11336,967,289
CAMP_025,7,11331,1145,187
CAMP_025,8,11426,1113,240
CAMP_025,9,11756,996,188
CAMP_025,10,10130,815,186
CAMP_025,11,10983,776,249
CAMP_025,12,11451,972,187
CAMP_025,13,8449,718,252
CAMP_025,14,9950,732,181
CAMP_025,15,10951,985,188
CAMP_025,16,9590,860,177
CAMP_025,17,9588,1014,273
CAMP_025,18,9693,886,252
CAMP_025,19,9076,707,250
CAMP_025,20,10078,900,282
CAMP_025,21,9469,747,213
CAMP_025,22,9589,668,205
CAMP_025,23,11085,1052,247
CAMP_025,24,8052,843,230
CAMP_025,25,10750,1188,313
CAMP_025,26,10823,806,216
CAMP_025,27,11361,809,238
CAMP_025,28,9098,1057,244
CAMP_025,29,9464,643,189
CAMP_025,30,11225,1147,326
CAMP_025,31,10256,926,325
CAMP_025,32,9960,1183,234
CAMP_025,33,9855,968,165
CAMP_025,34,10624,982,217
CAMP_025,35,9697,878,270
CAMP_025,36,10958,1191,265
CAMP_025,37,8197,757,194
CAMP_025,38,11492,1057,187
CAMP_025,39,9948,769,209
CAMP_025,40,10679,1169,182
CAMP_026,1,11796,1003,351
CAMP_026,2,8928,800,212
CAMP_026,3,11523,1173,211
CAMP_026,4,8532,880,314
CAMP_026,5,9316,773,246
CAMP_026,6,9327,720,299
CAMP_026,7,9378,962,165
CAMP_026,8,9997,1037,160
CAMP_026,9,9478,819,183
CAMP_026,10,8396,654,182
CAMP_026,11,8648,724,170
CAMP_026,12,8951,747,200
CAMP_026,13,9878,815,253
CAMP_026,14,9751,880,165
CAMP_026,15,11074,1004,234
CAMP_026,16,11220,946,221
CAMP_026,17,9088,974,232
CAMP_026,18,10274,863,290
CAMP_026,19,10101,811,228
CAMP_026,20,10100,853,253
CAMP_026,21,11173,850,180
CAMP_026,22,10915,990,177
CAMP_026,23,8386,781,211
CAMP_026,24,11253,1004,343
CAMP_026,25,10456,1486,263
CAMP_026,26,10277,886,201
CAMP_026,27,10831,937,218
CAMP_026,28,10745,1484,309
CAMP_026,29,9705,839,217
CAMP_026,30,9697,842,264
CAMP_026,31,9759,952,303
CAMP_026,32,10566,1258,200
CAMP_026,33,9551,1013,203
CAMP_026,34,8972,1065,204
CAMP_026,35,8456,823,239
CAMP_026,36,11030,1147,270
CAMP_026,37,11285,970,261
CAMP_026,38,11996,1145,215
CAMP_026,39,10459,830,172
CAMP_026,40,9241,984,220
CAMP_027,1,8630,749,257
CAMP_027,2,8433,844,215
CAMP_027,3,8277,762,184
CAMP_027,4,11563,1245,267
CAMP_027,5,11096,1155,228
CAMP_027,6,10314,944,260
CAMP_027,7,9091,913,194
CAMP_027,8,8490,890,325
CAMP_027,9,11173,837,275
CAMP_027,10,10606,736,285
CAMP_027,11,10841,775,174
CAMP_027,12,9843,723,160
CAMP_027,13,9696,882,196
CAMP_027,14,10062,769,237
CAMP_027,15,9581,802,174
CAMP_027,16,10645,918,216
CAMP_027,17,10349,973,169
CAMP_027,18,8989,797,178
CAMP_027,19,8492,587,192
CAMP_027,20,11823,1086,238
CAMP_027,21,8862,654,209
CAMP_027,22,10319,859,206
CAMP_027,23,10743,1096,332
CAMP_027,24,11064,972,271
CAMP_027,25,10321,1324,171
CAMP_027,26,8885,606,142
CAMP_027,27,8619,750,200
CAMP_027,28,11425,1510,273
CAMP_027,29,10895,996,240
CAMP_027,30,11212,1190,248
CAMP_027,31,10019,962,264
CAMP_027,32,9062,1226,214
CAMP_027,33,10801,1214,215
CAMP_027,34,8136,931,226
CAMP_027,35,11583,1129,259
CAMP_027,36,9751,1022,169
CAMP_027,37,11638,1193,316
CAMP_027,38,10660,1024,256
CAMP_027,39,11947,1002,253
CAMP_027,40,11336,1056,271
CAMP_028,1,10593,972,242
CAMP_028,2,10652,1016,314
CAMP_028,3,10451,1079,243
CAMP_028,4,11696,1196,298
CAMP_028,5,11088,1156,279
CAMP_028,6,10003,817,270
CAMP_028,7,11008,1055,192
CAMP_028,8,9900,1085,160
CAMP_028,9,8314,609,169
CAMP_028,10,9913,901,170
CAMP_028,11,11063,827,261
CAMP_028,12,8708,742,178
CAMP_028,13,8660,696,267
CAMP_028,14,10450,746,202
CAMP_028,15,10038,1092,232
CAMP_028,16,8404,725,237
CAMP_028,17,8083,775,199
CAMP_028,18,8220,609,150
CAMP_028,19,8111,717,143
CAMP_028,20,11576,888,297
CAMP_028,21,10468,827,219
CAMP_028,22,11354,999,211
CAMP_028,23,8993,934,169
CAMP_028,24,11075,952,356
CAMP_028,25,10518,1133,192
CAMP_028,26,10924,752,232
CAMP_028,27,11901,961,246
CAMP_028,28,8699,1092,200
CAMP_028,29,9673,704,213
CAMP_028,30,11156,1007,278
CAMP_028,31,9714,874,238
CAMP_028,32,8843,1012,188
CAMP_028,33,10798,1094,297
CAMP_028,34,9849,963,183
CAMP_028,35,10584,940,192
CAMP_028,36,11256,1038,261
CAMP_028,37,9909,924,175
CAMP_028,38,9045,910,187
CAMP_028,39,10800,833,208
CAMP_028,40,10985,1214,190
CAMP_029,1,10814,1130,274
CAMP_029,2,11551,956,292
CAMP_029,3,11907,1686,250
CAMP_029,4,9658,832,227
CAMP_029,5,9856,1306,239
CAMP_029,6,9104,822,287
CAMP_029,7,8103,586,136
CAMP_029,8,11269,1583,242
CAMP_029,9,8166,938,191
CAMP_029,10,11489,1304,201
CAMP_029,11,9164,871,195
CAMP_029,12,10292,1184,222
CAMP_029,13,9099,994,247
CAMP_029,14,8191,654,155
CAMP_029,15,11854,1140,226
CAMP_029,16,11523,889,233
CAMP_029,17,9907,843,310
CAMP_029,18,9824,896,191
CAMP_029,19,9923,1050,198
CAMP_029,20,8901,938,295
CAMP_029,21,10386,1057,239
CAMP_029,22,11407,1315,198
CAMP_029,23,9855,1006,232
CAMP_029,24,11663,1294,374
CAMP_029,25,11731,1186,246
CAMP_029,26,9537,847,254
CAMP_029,27,8839,850,185
CAMP_029,28,8450,896,282
CAMP_029,29,11250,768,300
CAMP_029,30,11195,973,253
CAMP_029,31,11636,876,306
CAMP_029,32,9424,1329,183
CAMP_029,33,9947,772,205
CAMP_029,34,11130,851,185
CAMP_029,35,11560,1171,215
CAMP_029,36,9473,1077,180
CAMP_029,37,10336,1034,220
CAMP_029,38,11662,825,259
CAMP_029,39,8127,699,136
CAMP_029,40,11100,841,261
CAMP_030,1,8360,765,138
CAMP_030,2,9692,1063,162
CAMP_030,3,11641,987,223
CAMP_030,4,9988,942,257
CAMP_030,5,9968,912,191
CAMP_030,6,11066,913,222
CAMP_030,7,9826,950,179
CAMP_030,8,10633,1078,182
CAMP_030,9,11510,803,190
CAMP_030,10,10277,715,199
CAMP_030,11,10195,839,213
CAMP_030,12,10414,846,219
CAMP_030,13,10965,999,197
CAMP_030,14,11849,933,253
CAMP_030,15,11397,1032,206
CAMP_030,16,10555,718,183
CAMP_030,17,10642,900,183
CAMP_030,18,11150,815,327
CAMP_030,19,10964,798,283
CAMP_030,20,8609,662,141
CAMP_030,21,9472,647,195
CAMP_030,22,8816,714,207
CAMP_030,23,11721,1091,332
CAMP_030,24,8617,886,152
CAMP_030,25,9189,1009,184
CAMP_030,26,10101,766,233
CAMP_030,27,9364,842,182
CAMP_030,28,11342,1550,227
CAMP_030,29,11994,818,248
CAMP_030,30,11856,1154,253
CAMP_030,31,10259,972,217
CAMP_030,32,10804,1501,236
CAMP_030,33,9070,810,170
CAMP_030,34,9389,909,168
CAMP_030,35,10343,949,250
CAMP_030,36,11901,1179,318
CAMP_030,37,8337,769,155
CAMP_030,38,9361,1062,211
CAMP_030,39,11514,861,256
CAMP_030,40,10434,1123,228
CAMP_031,1,9911,1181,227
CAMP_031,2,8493,783,247
CAMP_031,3,8389,1141,195
CAMP_031,4,10843,975,247
CAMP_031,5,9873,1338,193
CAMP_031,6,8444,751,222
CAMP_031,7,8741,684,170
CAMP_031,8,11323,1262,315
CAMP_031,9,11601,1324,265
CAMP_031,10,9162,981,201
CAMP_031,11,11285,1174,185
CAMP_031,12,8821,787,155
CAMP_031,13,11200,1257,215
CAMP_031,14,9777,760,228
CAMP_031,15,9364,807,155
CAMP_031,16,10761,975,236
CAMP_031,17,11010,1156,236
CAMP_031,18,8802,768,141
CAMP_031,19,10187,979,204
CAMP_031,20,11606,1118,254
CAMP_031,21,9913,1132,221
CAMP_031,22,9334,888,209
CAMP_031,23,11460,1042,215
CAMP_031,24,11433,1329,255
CAMP_031,25,10928,924,209
CAMP_031,26,11058,971,207
CAMP_031,27,10472,1206,224
CAMP_031,28,10512,962,258
CAMP_031,29,10461,821,218
CAMP_031,30,9308,882,179
CAMP_031,31,10719,907,238
CAMP_031,32,9942,1214,217
CAMP_031,33,8596,732,187
CAMP_031,34,11089,833,281
CAMP_031,35,11485,943,198
CAMP_031,36,10985,1527,186
CAMP_031,37,10030,848,222
CAMP_031,38,9736,711,224
CAMP_031,39,11750,815,280
CAMP_031,40,8146,619,179
CAMP_032,1,9687,801,197
CAMP_032,2,11246,1161,258
CAMP_032,3,10242,1041,221
CAMP_032,4,8448,800,157
CAMP_032,5,8140,868,171
CAMP_032,6,8238,582,171
CAMP_032,7,8831,1037,172
CAMP_032,8,8855,899,156
CAMP_032,9,9348,807,200
CAMP_032,10,9337,748,180
CAMP_032,11,9776,808,279
CAMP_032,12,8250,654,210
CAMP_032,13,11700,857,253
CAMP_032,14,9167,625,199
CAMP_032,15,10679,1102,210
CAMP_032,16,9621,848,191
CAMP_032,17,10994,987,278
CAMP_032,18,11484,831,262
CAMP_032,19,8428,671,135
CAMP_032,20,10989,849,246
CAMP_032,21,10482,783,185
CAMP_032,22,11719,1043,223
CAMP_032,23,10232,1053,232
CAMP_032,24,10163,1019,168
CAMP_032,25,10881,1363,260
CAMP_032,26,8531,784,174
CAMP_032,27,11804,929,244
CAMP_032,28,8205,984,135
CAMP_032,29,10621,817,201
CAMP_032,30,10890,1094,294
CAMP_032,31,11930,1195,270
CAMP_032,32,9279,1152,148
CAMP_032,33,11195,1022,188
CAMP_032,34,9071,820,200
CAMP_032,35,8249,803,166
CAMP_032,36,9853,1031,198
CAMP_032,37,11792,967,208
CAMP_032,38,8043,897,139
CAMP_032,39,9288,708,177
CAMP_032,40,11513,1343,317
CAMP_033,1,10946,858,303
CAMP_033,2,8489,834,223
CAMP_033,3,10985,993,265
CAMP_033,4,10314,768,181
CAMP_033,5,9082,789,188
CAMP_033,6,10433,1060,303
CAMP_033,7,10347,888,211
CAMP_033,8,11801,1199,281
CAMP_033,9,8857,698,261
CAMP_033,10,9392,699,252
CAMP_033,11,8238,686,181
CAMP_033,12,10108,766,183
CAMP_033,13,8155,645,148
CAMP_033,14,8922,954,161
CAMP_033,15,11046,1493,249
CAMP_033,16,11551,1295,202
CAMP_033,17,9363,972,205
CAMP_033,18,8160,639,132
CAMP_033,19,10622,789,205
CAMP_033,20,8607,826,176
CAMP_033,21,11191,1288,249
CAMP_033,22,9240,827,213
CAMP_033,23,11815,1579,230
CAMP_033,24,8076,850,229
CAMP_033,25,10378,1089,224
CAMP_033,26,9573,874,229
CAMP_033,27,8298,750,185
CAMP_033,28,10620,1129,318
CAMP_033,29,9698,1030,178
CAMP_033,30,10828,924,175
CAMP_033,31,11770,1040,283
CAMP_033,32,11997,1087,254
CAMP_033,33,10850,741,174
CAMP_033,34,8919,740,246
CAMP_033,35,9951,1105,199
CAMP_033,36,11513,1126,241
CAMP_033,37,11924,1111,285
CAMP_033,38,8067,740,222
CAMP_033,39,10730,1174,229
CAMP_033,40,11736,862,243
CAMP_034,1,9943,766,188
CAMP_034,2,10587,1024,187
CAMP_034,3,11634,1097,231
CAMP_034,4,9781,1110,265
CAMP_034,5,9944,955,234
CAMP_034,6,10236,861,219
CAMP_034,7,9745,894,227
CAMP_034,8,8939,858,192
CAMP_034,9,11582,1058,191
CAMP_034,10,8917,639,187
CAMP_034,11,11331,883,199
CAMP_034,12,8405,663,179
CAMP_034,13,8092,734,133
CAMP_034,14,8433,731,176
CAMP_034,15,9066,858,178
CAMP_034,16,8531,776,172
CAMP_034,17,11255,1227,259
CAMP_034,18,9857,805,224
CAMP_034,19,11875,829,325
CAMP_034,20,10923,835,179
CAMP_034,21,11079,771,197
CAMP_034,22,11792,973,271
CAMP_034,23,9167,930,237
CAMP_034,24,8975,955,207
CAMP_034,25,8943,1074,250
CAMP_034,26,11327,988,271
CAMP_034,27,10259,750,220
CAMP_034,28,11294,1609,222
CAMP_034,29,10654,922,181
CAMP_034,30,10427,870,247
CAMP_034,31,8944,977,206
CAMP_034,32,8924,975,170
CAMP_034,33,9969,1010,172
CAMP_034,34,8762,902,158
CAMP_034,35,8905,745,216
CAMP_034,36,11155,1222,307
CAMP_034,37,9831,834,157
CAMP_034,38,9942,1126,184
CAMP_034,39,8903,652,143
CAMP_034,40,8649,833,162
CAMP_035,1,8636,844,205
CAMP_035,2,11865,1244,203
CAMP_035,3,9983,1087,238
CAMP_035,4,11447,801,227
CAMP_035,5,11446,1517,239
CAMP_035,6,11261,802,232
CAMP_035,7,9447,711,174
CAMP_035,8,9963,1158,257
CAMP_035,9,11216,1146,334
CAMP_035,10,11561,1318,190
CAMP_035,11,10231,1020,179
CAMP_035,12,9112,968,194
CAMP_035,13,8935,975,157
CAMP_035,14,9998,808,226
CAMP_035,15,10896,1129,256
CAMP_035,16,11289,820,280
CAMP_035,17,9743,979,199
CAMP_035,18,11109,978,209
CAMP_035,19,8226,932,139
CAMP_035,20,9830,1008,217
CAMP_035,21,10877,1268,314
CAMP_035,22,10032,941,205
CAMP_035,23,9016,868,268
CAMP_035,24,8309,952,169
CAMP_035,25,11864,1221,216
CAMP_035,26,11262,920,246
CAMP_035,27,9757,1122,194
CAMP_035,28,10805,1138,197
CAMP_035,29,11068,905,282
CAMP_035,30,9853,844,187
CAMP_035,31,11682,1057,270
CAMP_035,32,11147,1414,253
CAMP_035,33,9278,706,277
CAMP_035,34,9150,670,162
CAMP_035,35,10809,1044,223
CAMP_035,36,10435,1107,239
CAMP_035,37,11697,972,288
CAMP_035,38,8336,597,163
CAMP_035,39,8910,648,163
CAMP_035,40,9351,842,152
CAMP_036,1,11757,971,274
CAMP_036,2,9134,984,180
CAMP_036,3,9520,988,205
CAMP_036,4,8886,920,172
CAMP_036,5,8912,907,209
CAMP_036,6,8497,658,191
CAMP_036,7,10828,1185,239
CAMP_036,8,9647,881,251
CAMP_036,9,10675,897,263
CAMP_036,10,11435,915,187
CAMP_036,11,9715,725,221
CAMP_036,12,10696,942,184
CAMP_036,13,10786,928,191
CAMP_036,14,11871,821,258
CAMP_036,15,11021,1189,192
CAMP_036,16,9690,699,230
CAMP_036,17,11303,987,185
CAMP_036,18,10662,757,236
CAMP_036,19,10463,851,239
CAMP_036,20,8423,760,160
CAMP_036,21,8945,676,245
CAMP_036,22,8498,684,188
CAMP_036,23,8226,770,196
CAMP_036,24,11220,1226,239
CAMP_036,25,9874,1282,205
CAMP_036,26,9029,761,209
CAMP_036,27,9573,868,220
CAMP_036,28,11651,1388,271
CAMP_036,29,11747,1070,236
CAMP_036,30,11359,1104,213
CAMP_036,31,10747,1282,198
CAMP_036,32,9378,1044,173
CAMP_036,33,8795,849,206
CAMP_036,34,11879,1250,283
CAMP_036,35,8471,782,198
CAMP_036,36,11563,998,207
CAMP_036,37,8183,808,183
CAMP_036,38,10701,1095,249
CAMP_036,39,9602,709,189
CAMP_036,40,11049,1288,233
CAMP_037,1,11431,1216,331
CAMP_037,2,9028,766,265
CAMP_037,3,11184,1189,247
CAMP_037,4,11764,870,255
CAMP_037,5,10398,1241,229
CAMP_037,6,11203,846,301
CAMP_037,7,8128,638,177
CAMP_037,8,11970,1423,378
CAMP_037,9,9456,1078,205
CAMP_037,10,10044,1054,229
CAMP_037,11,11214,1323,191
CAMP_037,12,8974,914,155
CAMP_037,13,8888,893,167
CAMP_037,14,8874,676,193
CAMP_037,15,9987,982,168
CAMP_037,16,8738,713,185
CAMP_037,17,9986,933,204
CAMP_037,18,11251,767,254
CAMP_037,19,8572,966,143
CAMP_037,20,9716,999,164
CAMP_037,21,9260,987,164
CAMP_037,22,9594,1026,210
CAMP_037,23,9723,966,289
CAMP_037,24,10155,1116,220
CAMP_037,25,8890,916,181
CAMP_037,26,10940,958,260
CAMP_037,27,10504,938,233
CAMP_037,28,9719,890,199
CAMP_037,29,9587,658,193
CAMP_037,30,8277,729,172
CAMP_037,31,11904,848,319
CAMP_037,32,9449,1293,213
CAMP_037,33,8677,776,193
CAMP_037,34,10749,938,250
CAMP_037,35,10649,916,241
CAMP_037,36,8495,1054,192
CAMP_037,37,10413,904,289
CAMP_037,38,8654,759,206
CAMP_037,39,9776,729,215
CAMP_037,40,9083,643,213
CAMP_038,1,11888,928,247
CAMP_038,2,11886,1132,228
CAMP_038,3,8709,874,182
CAMP_038,4,9411,997,204
CAMP_038,5,10060,885,180
CAMP_038,6,11470,948,269
CAMP_038,7,9003,990,190
CAMP_038,8,9939,968,190
CAMP_038,9,8431,582,195
CAMP_038,10,10428,802,188
CAMP_038,11,9088,714,199
CAMP_038,12,10873,879,198
CAMP_038,13,8462,655,147
CAMP_038,14,8186,562,190
CAMP_038,15,9411,881,163
CAMP_038,16,10284,874,215
CAMP_038,17,8135,781,177
CAMP_038,18,10248,773,232
CAMP_038,19,10630,961,247
CAMP_038,20,9001,680,164
CAMP_038,21,10845,933,274
CAMP_038,22,9220,799,176
CAMP_038,23,11681,1230,200
CAMP_038,24,8452,691,198
CAMP_038,25,10541,1160,233
CAMP_038,26,10053,744,285
CAMP_038,27,9447,766,171
CAMP_038,28,9225,1176,171
CAMP_038,29,11962,974,338
CAMP_038,30,8810,967,208
CAMP_038,31,9475,906,167
CAMP_038,32,10463,1372,234
CAMP_038,33,11605,1073,276
CAMP_038,34,10806,1044,258
CAMP_038,35,9538,1052,167
CAMP_038,36,11341,1150,192
CAMP_038,37,11304,986,186
CAMP_038,38,8124,774,149
CAMP_038,39,9279,835,206
CAMP_038,40,10017,938,193
CAMP_039,1,11096,966,302
CAMP_039,2,11565,1074,242
CAMP_039,3,9960,827,214
CAMP_039,4,10095,943,180
CAMP_039,5,9546,1007,225
CAMP_039,6,10950,780,244
CAMP_039,7,9599,931,156
CAMP_039,8,8977,745,237
CAMP_039,9,8240,562,235
CAMP_039,10,8186,671,164
CAMP_039,11,9387,708,168
CAMP_039,12,10345,849,198
CAMP_039,13,11046,752,182
CAMP_039,14,11994,1019,217
CAMP_039,15,11334,967,227
CAMP_039,16,8574,593,166
CAMP_039,17,9789,844,173
CAMP_039,18,8464,621,190
CAMP_039,19,9860,691,172
CAMP_039,20,8629,656,197
CAMP_039,21,8925,666,166
CAMP_039,22,9094,629,181
CAMP_039,23,11364,1165,293
CAMP_039,24,11502,1114,248
CAMP_039,25,8617,981,158
CAMP_039,26,11382,816,195
CAMP_039,27,8837,674,170
CAMP_039,28,8223,1081,169
CAMP_039,29,11939,979,223
CAMP_039,30,10081,878,212
CAMP_039,31,10268,1018,239
CAMP_039,32,9390,1100,167
CAMP_039,33,9938,1079,228
CAMP_039,34,11406,1302,304
CAMP_039,35,8387,709,137
CAMP_039,36,9878,1015,186
CAMP_039,37,9977,824,387
CAMP_039,38,10636,1269,229
CAMP_039,39,10182,721,220
CAMP_039,40,9182,1000,189
CAMP_040,1,9212,997,219
CAMP_040,2,8287,824,159
CAMP_040,3,8129,1050,173
CAMP_040,4,9887,874,174
CAMP_040,5,8244,1007,150
CAMP_040,6,8906,724,197
CAMP_040,7,9433,759,169
CAMP_040,8,11792,1643,366
CAMP_040,9,8320,904,184
CAMP_040,10,10758,1035,246
CAMP_040,11,9131,824,208
CAMP_040,12,8817,964,250
CAMP_040,13,8011,746,185
CAMP_040,14,10229,843,219
CAMP_040,15,11387,929,216
CAMP_040,16,11867,1025,211
CAMP_040,17,8443,918,196
CAMP_040,18,9015,774,159
CAMP_040,19,8420,915,148
CAMP_040,20,8184,940,133
CAMP_040,21,9576,1144,167
CAMP_040,22,11672,1370,217
CAMP_040,23,8587,707,234
CAMP_040,24,10552,1221,171
CAMP_040,25,8059,838,172
CAMP_040,26,11747,848,215
CAMP_040,27,9694,1100,232
CAMP_040,28,8526,914,175
CAMP_040,29,10172,697,192
CAMP_040,30,10669,898,277
CAMP_040,31,11981,1044,274
CAMP_040,32,9173,1022,199
CAMP_040,33,9443,806,210
CAMP_040,34,9379,774,173
CAMP_040,35,10988,1111,258
CAMP_040,36,8194,947,180
CAMP_040,37,9423,828,260
CAMP_040,38,11175,794,218
CAMP_040,39,11789,1007,218
CAMP_040,40,11052,973,234
CAMP_041,1,11629,1076,243
CAMP_041,2,8680,823,216
CAMP_041,3,11844,1302,284
CAMP_041,4,8615,645,158
CAMP_041,5,8042,853,174
CAMP_041,6,8784,714,188
CAMP_041,7,10237,828,233
CAMP_041,8,10298,1409,298
CAMP_041,9,11868,1080,302
CAMP_041,10,11861,1295,354
CAMP_041,11,10778,1033,180
CAMP_041,12,11795,1093,196
CAMP_041,13,9958,1187,194
CAMP_041,14,11996,840,198
CAMP_041,15,11603,1141,260
CAMP_041,16,10105,802,187
CAMP_041,17,8705,878,186
CAMP_041,18,10076,853,190
CAMP_041,19,10235,945,210
CAMP_041,20,11275,1198,203
CAMP_041,21,9702,1121,193
CAMP_041,22,11173,1019,248
CAMP_041,23,9932,817,181
CAMP_041,24,10099,1257,282
CAMP_041,25,9066,791,154
CAMP_041,26,11881,957,216
CAMP_041,27,11990,1278,243
CAMP_041,28,9043,907,255
CAMP_041,29,10482,860,213
CAMP_041,30,9802,979,220
CAMP_041,31,10853,874,246
CAMP_041,32,10949,1264,201
CAMP_041,33,9243,827,207
CAMP_041,34,9466,674,273
CAMP_041,35,8262,826,162
CAMP_041,36,9944,1315,220
CAMP_041,37,10699,983,311
CAMP_041,38,8045,688,235
CAMP_041,39,9292,802,250
CAMP_041,40,10163,855,194
CAMP_042,1,10352,1133,190
CAMP_042,2,11419,1239,205
CAMP_042,3,8790,1037,181
CAMP_042,4,8312,640,136
CAMP_042,5,9490,1033,164
CAMP_042,6,11618,973,278
CAMP_042,7,8719,616,204
CAMP_042,8,8684,958,200
CAMP_042,9,8946,790,186
CAMP_042,10,11252,1149,238
CAMP_042,11,8421,864,203
CAMP_042,12,11590,1259,342
CAMP_042,13,9192,864,166
CAMP_042,14,9519,780,182
CAMP_042,15,8819,795,152
CAMP_042,16,9211,662,201
CAMP_042,17,8426,856,186
CAMP_042,18,10118,832,232
CAMP_042,19,8290,762,149
CAMP_042,20,10339,1088,171
CAMP_042,21,9306,994,159
CAMP_042,22,9179,896,157
CAMP_042,23,8558,912,162
CAMP_042,24,8420,918,197
CAMP_042,25,11110,1067,195
CAMP_042,26,9301,738,195
CAMP_042,27,10269,1023,236
CAMP_042,28,8254,897,140
CAMP_042,29,8441,774,157
CAMP_042,30,10437,1068,212
CAMP_042,31,10645,843,206
CAMP_042,32,11837,1670,252
CAMP_042,33,10080,721,224
CAMP_042,34,8861,607,211
CAMP_042,35,8404,688,149
CAMP_042,36,8746,971,170
CAMP_042,37,9715,799,164
CAMP_042,38,8273,681,191
CAMP_042,39,9771,840,226
CAMP_042,40,10411,720,293
CAMP_043,1,8579,624,155
CAMP_043,2,9121,954,186
CAMP_043,3,11243,1220,221
CAMP_043,4,10550,1129,203
CAMP_043,5,8143,867,140
CAMP_043,6,8223,602,172
CAMP_043,7,8264,735,186
CAMP_043,8,11524,1140,330
CAMP_043,9,8479,746,215
CAMP_043,10,8889,621,173
CAMP_043,11,9902,707,217
CAMP_043,12,8028,620,131
CAMP_043,13,10670,944,251
CAMP_043,14,11138,859,252
CAMP_043,15,8339,794,133
CAMP_043,16,8450,589,217
CAMP_043,17,9356,1031,164
CAMP_043,18,10381,945,170
CAMP_043,19,10062,872,227
CAMP_043,20,9813,794,207
CAMP_043,21,10048,762,259
CAMP_043,22,9735,731,161
CAMP_043,23,10059,1105,292
CAMP_043,24,9517,918,170
CAMP_043,25,10936,1184,235
CAMP_043,26,11012,999,235
CAMP_043,27,9164,643,167
CAMP_043,28,11386,1209,243
CAMP_043,29,10226,776,282
CAMP_043,30,10184,952,164
CAMP_043,31,10528,937,251
CAMP_043,32,10031,1423,208
CAMP_043,33,9999,1184,211
CAMP_043,34,10476,1003,175
CAMP_043,35,9141,908,161
CAMP_043,36,10038,851,187
CAMP_043,37,8587,718,203
CAMP_043,38,9784,1062,222
CAMP_043,39,8998,663,206
CAMP_043,40,8373,930,166
CAMP_044,1,8704,880,259
CAMP_044,2,11734,963,257
CAMP_044,3,10123,1350,244
CAMP_044,4,8698,669,175
CAMP_044,5,8691,1203,143
CAMP_044,6,10457,934,277
CAMP_044,7,9191,745,176
CAMP_044,8,9366,1192,192
CAMP_044,9,10587,1159,253
CAMP_044,10,11629,1032,317
CAMP_044,11,10261,1188,238
CAMP_044,12,9944,1005,187
CAMP_044,13,8626,942,171
CAMP_044,14,8918,732,209
CAMP_044,15,11729,1151,202
CAMP_044,16,8312,604,153
CAMP_044,17,10987,963,241
CAMP_044,18,8679,643,171
CAMP_044,19,9455,1002,171
CAMP_044,20,8648,965,166
CAMP_044,21,10580,1177,220
CAMP_044,22,9612,981,178
CAMP_044,23,11829,1108,245
CAMP_044,24,10984,1240,254
CAMP_044,25,8296,795,151
CAMP_044,26,10597,743,196
CAMP_044,27,10881,1281,189
CAMP_044,28,9378,781,190
CAMP_044,29,9983,810,192
CAMP_044,30,9772,868,206
CAMP_044,31,8152,558,232
CAMP_044,32,8490,1087,157
CAMP_044,33,8220,718,159
CAMP_044,34,8527,640,192
CAMP_044,35,11113,964,201
CAMP_044,36,11819,1603,225
CAMP_044,37,8344,814,215
CAMP_044,38,9657,672,273
CAMP_044,39,9514,666,206
CAMP_044,40,10589,901,218
CAMP_045,1,10647,826,335
CAMP_045,2,10062,933,322
CAMP_045,3,10668,1115,250
CAMP_045,4,8271,817,236
CAMP_045,5,9092,861,260
CAMP_045,6,9681,864,305
CAMP_045,7,10819,1292,235
CAMP_045,8,9118,778,192
CAMP_045,9,8190,602,237
CAMP_045,10,9140,621,212
CAMP_045,11,11369,1007,227
CAMP_045,12,11339,868,264
CAMP_045,13,8072,696,209
CAMP_045,14,11895,1074,249
CAMP_045,15,9855,987,231
CAMP_045,16,11277,868,325
CAMP_045,17,8734,886,289
CAMP_045,18,10795,748,188
CAMP_045,19,10712,915,220
CAMP_045,20,9129,779,241
CAMP_045,21,11170,874,295
CAMP_045,22,9215,767,176
CAMP_045,23,11003,983,193
CAMP_045,24,8143,854,257
CAMP_045,25,11086,1487,256
CAMP_045,26,10230,730,271
CAMP_045,27,9635,742,180
CAMP_045,28,9167,1139,216
CAMP_045,29,11655,815,302
CAMP_045,30,10642,1136,274
CAMP_045,31,8972,1037,279
CAMP_045,32,10595,1182,228
CAMP_045,33,10262,1180,238
CAMP_045,34,9462,984,200
CAMP_045,35,11609,1028,214
CAMP_045,36,9307,974,212
CAMP_045,37,10125,956,168
CAMP_045,38,8565,934,188
CAMP_045,39,9351,831,171
CAMP_045,40,11797,1358,201
CAMP_046,1,11968,985,199
CAMP_046,2,8707,867,183
CAMP_046,3,10284,855,223
CAMP_046,4,9754,928,162
CAMP_046,5,11158,964,253
CAMP_046,6,9908,824,190
CAMP_046,7,10212,1065,212
CAMP_046,8,11810,1233,281
CAMP_046,9,10050,854,211
CAMP_046,10,8115,643,175
CAMP_046,11,9340,716,214
CAMP_046,12,9047,645,188
CAMP_046,13,11573,1033,189
CAMP_046,14,9605,733,219
CAMP_046,15,10294,920,185
CAMP_046,16,10606,941,226
CAMP_046,17,9511,883,162
CAMP_046,18,11293,1014,200
CAMP_046,19,8545,656,160
CAMP_046,20,8888,640,153
CAMP_046,21,9990,890,250
CAMP_046,22,10812,843,178
CAMP_046,23,11418,1013,189
CAMP_046,24,8973,956,181
CAMP_046,25,8339,1016,185
CAMP_046,26,10338,925,294
CAMP_046,27,11199,874,220
CAMP_046,28,8441,909,197
CAMP_046,29,9958,753,258
CAMP_046,30,8998,953,162
CAMP_046,31,10495,1040,172
CAMP_046,32,9511,1179,217
CAMP_046,33,9857,871,287
CAMP_046,34,10879,1057,245
CAMP_046,35,8156,693,134
CAMP_046,36,10577,1083,188
CAMP_046,37,8512,723,170
CAMP_046,38,11153,1011,244
CAMP_046,39,10208,870,172
CAMP_046,40,8227,962,138
CAMP_047,1,8801,609,153
CAMP_047,2,9079,904,151
CAMP_047,3,10741,982,210
CAMP_047,4,8294,944,238
CAMP_047,5,10705,1140,172
CAMP_047,6,10809,873,176
CAMP_047,7,10118,1046,241
CAMP_047,8,9319,835,207
CAMP_047,9,9091,834,207
CAMP_047,10,10410,774,210
CAMP_047,11,10568,720,203
CAMP_047,12,11506,816,185
CAMP_047,13,10579,929,169
CAMP_047,14,11136,1011,190
CAMP_047,15,9407,786,164
CAMP_047,16,11902,826,211
CAMP_047,17,8573,792,197
CAMP_047,18,11283,986,308
CAMP_047,19,10601,748,313
CAMP_047,20,10159,863,243
CAMP_047,21,9317,705,161
CAMP_047,22,9133,821,198
CAMP_047,23,9910,844,205
CAMP_047,24,11874,1229,194
CAMP_047,25,10900,1378,226
CAMP_047,26,8178,649,178
CAMP_047,27,9551,688,218
CAMP_047,28,9703,1106,164
CAMP_047,29,11683,1056,271
CAMP_047,30,11960,1252,285
CAMP_047,31,10740,1044,196
CAMP_047,32,10861,1539,239
CAMP_047,33,9039,844,194
CAMP_047,34,9033,853,176
CAMP_047,35,10699,1118,292
CAMP_047,36,11411,1149,241
CAMP_047,37,11129,936,211
CAMP_047,38,10092,950,238
CAMP_047,39,10508,955,248
CAMP_047,40,10841,1206,233
CAMP_048,1,8566,663,282
CAMP_048,2,11900,1143,376
CAMP_048,3,8847,971,168
CAMP_048,4,9357,743,362
CAMP_048,5,10626,925,255
CAMP_048,6,10216,1072,314
CAMP_048,7,11385,945,255
CAMP_048,8,9926,1044,203
CAMP_048,9,9203,766,173
CAMP_048,10,10630,933,228
CAMP_048,11,8916,688,152
CAMP_048,12,10121,923,215
CAMP_048,13,9842,821,286
CAMP_048,14,10600,1111,233
CAMP_048,15,8283,941,163
CAMP_048,16,8497,876,161
CAMP_048,17,10161,1087,266
CAMP_048,18,11286,879,233
CAMP_048,19,8985,679,184
CAMP_048,20,8100,807,189
CAMP_048,21,8040,730,137
CAMP_048,22,11191,907,199
CAMP_048,23,8824,938,219
CAMP_048,24,9341,980,244
CAMP_048,25,9296,801,275
CAMP_048,26,8167,904,146
CAMP_048,27,11985,1069,244
CAMP_048,28,11948,1276,364
CAMP_048,29,11795,1379,219
CAMP_048,30,10120,1085,239
CAMP_048,31,10179,924,311
CAMP_048,32,11959,1175,196
CAMP_048,33,11276,836,222
CAMP_048,34,8996,800,150
CAMP_048,35,10585,1290,247
CAMP_048,36,8091,805,228
CAMP_048,37,11202,1027,260
CAMP_048,38,8272,621,160
CAMP_048,39,11767,1165,228
CAMP_048,40,8566,753,204
CAMP_049,1,10915,988,228
CAMP_049,2,10349,1006,168
CAMP_049,3,10869,1010,178
CAMP_049,4,11337,1024,216
CAMP_049,5,11271,1162,212
CAMP_049,6,9935,790,211
CAMP_049,7,9357,986,164
CAMP_049,8,8198,783,172
CAMP_049,9,8723,638,206
CAMP_049,10,11836,917,247
CAMP_049,11,8619,684,249
CAMP_049,12,8555,691,223
CAMP_049,13,10941,861,185
CAMP_049,14,10971,858,180
CAMP_049,15,10793,1184,193
CAMP_049,16,10838,837,185
CAMP_049,17,10177,875,277
CAMP_049,18,8898,710,192
CAMP_049,19,9535,871,196
CAMP_049,20,10721,970,215
CAMP_049,21,9996,895,169
CAMP_049,22,8523,751,178
CAMP_049,23,11444,1063,294
CAMP_049,24,11631,1144,205
CAMP_049,25,10612,1160,235
CAMP_049,26,8442,711,153
CAMP_049,27,9410,677,254
CAMP_049,28,11364,1256,194
CAMP_049,29,9989,730,163
CAMP_049,30,9172,969,247
CAMP_049,31,9641,1052,187
CAMP_049,32,11597,1345,250
CAMP_049,33,9829,1030,177
CAMP_049,34,11240,1281,188
CAMP_049,35,8962,809,181
CAMP_049,36,10827,901,188
CAMP_049,37,8865,820,241
CAMP_049,38,11203,1194,190
CAMP_049,39,11083,956,229
CAMP_049,40,8391,827,208
CAMP_050,1,11512,949,320
CAMP_050,2,10567,947,252
CAMP_050,3,8739,762,195
CAMP_050,4,9031,781,240
CAMP_050,5,10300,1035,281
CAMP_050,6,11028,1251,263
CAMP_050,7,8477,766,198
CAMP_050,8,8134,731,177
CAMP_050,9,9317,641,184
CAMP_050,10,10603,937,172
CAMP_050,11,11461,931,313
CAMP_050,12,8919,675,238
CAMP_050,13,11988,964,350
CAMP_050,14,9405,965,186
CAMP_050,15,9041,984,152
CAMP_050,16,10399,1193,175
CAMP_050,17,9609,923,372
CAMP_050,18,10591,969,208
CAMP_050,19,10838,746,177
CAMP_050,20,9917,995,301
CAMP_050,21,8454,862,192
CAMP_050,22,8529,600,163
CAMP_050,23,8595,1056,177
CAMP_050,24,9781,982,257
CAMP_050,25,10631,900,201
CAMP_050,26,10953,1106,262
CAMP_050,27,8193,747,234
CAMP_050,28,8942,802,251
CAMP_050,29,11113,1201,218
CAMP_050,30,11346,991,359
CAMP_050,31,9743,736,318
CAMP_050,32,9844,835,170
CAMP_050,33,10159,839,206
CAMP_050,34,11084,838,196
CAMP_050,35,10663,1354,214
CAMP_050,36,11659,1255,255
CAMP_050,37,10641,983,221
CAMP_050,38,9281,633,177
CAMP_050,39,11033,1173,187
CAMP_050,40,8935,767,250
